code_clc,name,label
22,C1,"<span style=""color:#fd5100"">__ ETANGS ET LACS (C1 ; 22) __</span>"
24,C2,"<span style=""color:#fd5100"">__ TORRENTS ET RUISSEAUX (C2 ; 24) __</span>"
5,D,"<span style=""color:#fd5100"">__ HABITATS TOURBEUX (D ; 5) __</span>"
51.111,D1.1111,"<span style=""color:#a24c00"">Buttes de sphaignes : Ericion tetralicis (D1.1111 ; 51.111)</span>"
54.42,D2.22,"<span style=""color:#a24c00"">Bas-marais acides : Caricion fuscae (D2.22 ; 54.42)</span>"
54.59,D2.39,"<span style=""color:#a24c00"">Tremblants, gouilles et chenaux : Caricion lasiocarpae (D2.39 ; 54.59)</span>"
54.24,D4.14,"<span style=""color:#a24c00"">Bas-marais sur calcaire : Caricion davallianae (D4.14 ; 54.24)</span>"
3,E,"<span style=""color:#fd5100"">__ PELOUSES ET PRAIRIES (E ; 3) __</span>"
36.44,E1.B5,"<span style=""color:#f0912d"">__ Pelouses des déblais calaminaires (E1.B5 ; 36.44) __</span>"
38.3,E2.3,"<span style=""color:#f0912d"">__ Prairies de fauche de montagne : Triseto flavescentis-Polygonion bistortae (E2.3 ; 38.3) __</span>"
37,E3,"<span style=""color:#f0912d"">__ Prairies humides (E3 ; 37) __</span>"
37.311,E3.511,"<span style=""color:#a24c00"">Prairies humides sur calcaire : Molinion caerulae (E3.511 ; 37.311)</span>"
37.312,E3.512,"<span style=""color:#a24c00"">Prairies humides sur calcaire : Molinion caerulae (E3.511 ; 37.311)</span>"
37.32,E3.52,"<span style=""color:#a24c00"">Pelouses acides humides et piétinées : Nardo strictae - Juncion squarrosi (E3.52 ; 37.32)</span>"
36.3,E4.3,"<span style=""color:#f0912d"">__ Pelouses sur silice (E4.3 ; 36.3) __</span>"
36.31,E4.31,"<span style=""color:#a24c00"">Pelouses acides des versants nord plus longtemps protégés par la neige : Nardion strictae (E4.31 ; 36.31)</span>"
36.33,E4.33,"<span style=""color:#a24c00"">Pelouses siliceuses des versants sud à déneigement précoce : Festucion eskiae (E4.33 ; 36.33)</span>"
36.34,E4.34,"<span style=""color:#a24c00"">Pelouses acides de l'étage alpin : Festucion supinae (E4.34 ; 36.34)</span>"
36.4,E4.4,"<span style=""color:#f0912d"">__ Pelouses sur calcaire (E4.4 ; 36.4) __</span>"
36.41,E4.41,"<span style=""color:#a24c00"">Pelouses sur calcaires des versants nord : Primulion intricatae (E4.41 ; 36.41)</span>"
36.422,E4.422,"<span style=""color:#a24c00"">Pelouses des crêtes ventées sur calcaire : Oxytropido-Elynion myosuroidis (E4.422 ; 36.422)</span>"
36.434,E4.434,"<span style=""color:#a24c00"">Pelouses sur calcaires des versants sud : Festucion scopariae  (E4.434 ; 36.434)</span>"
36.52,E4.52,"<span style=""color:#f0912d"">__ Pelouses pâturées (E4.52 ; 36.52) __</span>"
37.88,E5.58,"<span style=""color:#f0912d"">__ Reposoirs à bestiaux (E5.58 ; 37.88) __</span>"
35.12,E1.72,"<span style=""color:#f0912d"">__ Pelouses mésophiles acidiclines à Agrostis et Fétuque rouge (E1.2 ; 35.12) __</span>"
34.3,E1.2,"<span style=""color:#a24c00"">Pelouses montagnardes sur calcaire (Meso et xerobromion) (E1.2 ; 34.3)</span>"
37.83,E5.53,"<span style=""color:#a24c00"">Mégaphorbiaies de lisière : Chaerophyllo hirsuti - Valerianetum pyrenaicae (E5.53 ; 37.83)</span>"
37.84,E5.54,"<span style=""color:#a24c00"">Mégaphorbiaies liées au cours d'eau : Adenostylion alliariae (E5.54 ; 37.84)</span>"
37.82,E5.52,"<span style=""color:#a24c00"">Mégaphorbiaies liées au pied de falaises et éboulis : Calamagrostion arundinaceae (E5.52 ; 37.82)</span>"
3,F,"<span style=""color:#fd5100"">__ LANDES ET FOURRES (F ; 3) __</span>"
31,F2,"<span style=""color:#f0912d"">__ Landes montagnardes, subalpines et alpines (F2; 31) __</span>"
31.411,F2.211,"<span style=""color:#a24c00"">Landes à Azalée naine : Loiseleurio procumbentis-Vaccinion microphylli (F2.211 ; 31.411)</span>"
31.42,F2.22,"<span style=""color:#a24c00"">Landes à Rhododendron : Rhododendro ferruginei - Vaccinion myrtilli (F2.22 ; 31.42)</span>"
31.43,F2.23,"<span style=""color:#a24c00"">Landes à Genévrier nain : Juniperion nanae (F2.23 ; 31.43)</span>"
31.8422,F3.212,"<span style=""color:#a24c00"">Landes à Genêt purgatif : Cytision oromediterraneo-scoparii (F3.212 ; 31.8422)</span>"
31.226,F4.226,"<span style=""color:#a24c00"">Landes à Callune et Genêt velu : Calluno vulgaris - Arctostaphylion uvae-ursi (F4.226 ; 31.226)</span>"
31,F3,"<span style=""color:#f0912d"">__ Fourrés et forêts pionnières (F3 ; 31) __</span>"
31.8C,F3.17,"<span style=""color:#a24c00"">Forêts pionnières (taillis de noisetiers etc)  : Corylo avellanae-Populion tremulae (F3.17 ; 31.8C)</span>"
31.872,G5.85,"<span style=""color:#a24c00"">Fourrés à Saule marsault : Sambuco racemosae-Salicion capreae (G5.85 ; 31.872)</span>"
4,G,"<span style=""color:#fd5100"">__ FORETS (G ; 4) __</span>"
41.1,G1.6,"<span style=""color:#a24c00"">Hêtraies (G1.6 ; 41.1)</span>"
42,G3,"<span style=""color:#a24c00"">Forêts de pins de montagne (G3 ; 42)</span>"
43,G4,"<span style=""color:#a24c00"">Hêtraies sapinières (G4 ; 43)</span>"
61,H2,"<span style=""color:#fd5100"">__ EBOULIS (H2 ; 61) __</span>"
61.11,H2.31,"<span style=""color:#a24c00"">Eboulis alpins à subalpins exposition nord, éléments fins : l'Androsacion alpinae (H2.31 ; 61.11)</span>"
61.12,H2.32,"<span style=""color:#a24c00"">Eboulis siliceux de gros blocs: Dryopteridion abbreviatae (H2.32 ; 61.12)</span>"
61.3,H2.5,"<span style=""color:#a24c00"">Eboulis siliceux collinéens à montagnards, en exposition chaude, éléments fins et mobiles : Galeopsion pyrenaicae (H2.51 ; 61.3)</span>"
61.33,H2.51,"<span style=""color:#a24c00"">Eboulis siliceux alpins à subalpins des Pyrénées orientales, éléments fins et mobiles :  Senecionion leucophylli (H2.51 ; 61.33)</span>"
61.3,H2.6,"<span style=""color:#a24c00"">Eboulis calcaires collinéens à montagnards, en exposition chaude, éléments fins : Stipion calamagrostis (H2.6 ; 31.3)</span>"
61.3123,H2.6123,"<span style=""color:#a24c00"">Eboulis calcaires de gros blocs, éléments fins : Dryopteridion submontanae (H2.6123 ; 61.3123)</span>"
61.34,H2.63,"<span style=""color:#a24c00"">Eboulis calcaires alpins à subalpins, gros blocs : l'lberidion spathulatae (H2.63 ; 61.34)</span>"
62,H3,"<span style=""color:#fd5100"">__ FALAISES ET DALLES (H3 ; 62) __</span>"
62.211,H3.111,"<span style=""color:#a24c00"">Falaises siliceuses subalpines et alpines : l'Androsacion vandellii (H3.111 ; 62.211)</span>"
62.26,H3.16,"<span style=""color:#a24c00"">Falaises siliceuses montagnardes : l'Antirrhinion asarinae (H3.16 ; 62.26)</span>"
62.12,H3.22,"<span style=""color:#a24c00"">Falaises calcaires : Saxifragion mediae (H3.22 ; 62.12)</span>"
62.152,H3.252,"<span style=""color:#a24c00"">Falaises calcaires ombragées : Violo biflorae - Cystopteridion alpinae (H3.252 ; 62.152)</span>"
36.2,H3.6,"<span style=""color:#a24c00"">Dalles siliceuses : Sedion pyrenaici (H3.6 ; 36.2)</span>"
34.11,E1.11,"<span style=""color:#a24c00"">Dalles calcaires (E1.11 ; 34.11)</span>"
8,J,"<span style=""color:#fd5100"">__ ZONES BATIES, SITES INDUSTRIELS ET AUTRES HABITATS ARTIFICIELS (J ; 8) __</span>"
