name,label,Determination genitalia
0,"<span style=""color:#D101DE""> Espèce non identifiée </span>",
150912,Pyrgus sp.,
53307,"Point-de-Hongrie, Erynnis tages",
53291,"Hespérie de l'alcée, Carcharodus alceae",
53294,"<span style=""color:#DE1F1E""> Hespérie de l'épiaire, Carcharodus lavatherae </span>",
608241,"Hespérie de la bétoine, Hespérie du marube, Carcharodus floccifer",
53269,"Hespérie des sanguisorbes, Spialia sertorius",
699382,"<span style=""color:#DE1F1E""> Hespérie de l'herbe-au-vent, Sloperia proto </span>",
53221,"Hespérie de l'ormière, Hespérie de la mauve, Pyrgus malvae",
219744,"Hespérie de l'aigremoine, Hespérie faux-tacheté, Tacheté austral, Pyrgus malvoides",
53236,"<span style=""color:#DE1F1E""> Hespérie des potentilles, Pyrgus armoricanus </span>",
53229,"<span style=""color:#DE1F1E""> Hespérie du faux-buis, Plain-chant, Pyrgus alveus </span>",
608245,"<span style=""color:#DE1F1E""> Pyrgus alveus accretus </span>",
53240,"<span style=""color:#DE1F1E"">__ Hespérie des hélianthèmes, Pyrgus foulquieri __</span>",x
53242,"Hespérie de l'alchémille, Pyrgus serratulae",
53248,"<span style=""color:#DE1F1E"">__ Hespérie des cirses, Hespérie de Rambur, Pyrgus cirsii __</span>",x
53251,"<span style=""color:#DE1F1E""> Hespérie de la malope, Pyrgus onopordi </span>",
219743,"Hespérie du carthame, Pyrgus carthami",
53262,"<span style=""color:#DE1F1E"">__ Hespérie des frimas, Hespérie de Wallengren, Pyrgus andromedae __</span>",x
53264,"<span style=""color:#DE1F1E"">__ Hespérie du pas-d'âne, Hespérie obscure, Pyrgus cacaliae __</span>",x
53315,"Hespérie du brome, Hespérie échiquier, Carterocephalus palaemon",
53312,"Miroir, Heteropterus morpheus",
219742,"Hespérie de la houque, Thymelicus sylvestris",
219741,"Hespérie du dactyle, Thymelicus lineola",
53320,"Hespérie du chiendent, Thymelicus acteon",
53332,"Virgule, Comma, Hesperia comma",
219740,"Sylvaine, Ochlodes sylvanus",
54496,"Apollon, Parnassius apollo",
54502,"Semi-Apollon, Parnassius mnemosyne",
8267,"Diane, Zerynthia polyxena",
54475,"Flambé, Iphiclides podalirius",
219824,"Voilier blanc, Iphiclides feisthamelii",
54468,"Machaon, Papilio machaon",
54376,"<span style=""color:#DE1F1E"">__ Piéride du lotier, Piéride de la moutarde, Leptidea sinapis __</span>",x
219835,"<span style=""color:#DE1F1E"">__ Piéride de Réal, Leptidea reali __</span>",x
54339,"Gazé, Aporia crataegi",
54342,"Piéride du chou, Pieris brassicae",
219831,"Piéride de la rave, Pieris rapae",
219830,"<span style=""color:#DE1F1E""> Piéride de l'ibéride, Pieris mannii </span>",
219832,"<span style=""color:#DE1F1E""> Piéride de l'aethionème, Pieris ergane </span>",
219833,"Piéride du navet, Pieris napi",
54362,"Marbré-de-vert, Pontia daplidice",
54366,"Piéride du vélar, Pontia callidice",
54451,"Aurore, Anthocharis cardamines",
219829,"Aurore de Provence, Anthocharis euphenoides",
219827,"<span style=""color:#DE1F1E""> Piéride du simplon, Marbré de Freyer, Euchloe simplonia </span>",
54433,"<span style=""color:#DE1F1E""> Piéride des biscutelles, Marbré de Cramer, Euchloe crameri </span>",
54397,"Candide, Colias phicomone",
219826,"Fluoré, Colias alfacariensis",
641941,"Souci, Colias crocea",
54419,"Citron de Provence, Gonepteryx cleopatra",
54417,"Citron, Gonepteryx rhamni",
53969,"Lucine, Hamearis lucina",
54319,"Thécla du bouleau, Thecla betulae",
54322,"Thécla du chêne, Quercusia quercus",
716499,"Thécla du frêne, Laeosopis roboris",
219760,"Thécla de l'amarel, Satyrium acaciae",
219759,"Thécla du kermès, Satyrium esculi",
219758,"Thécla de l'yeuse, Satyrium ilicis",
219755,"Thécla de l'orme, Satyrium w-album",
219756,"Thécla du prunier, Satyrium pruni",
219757,"Thécla des nerpruns, Satyrium spini",
54307,"Thécla de la ronce, Argus vert, Callophrys rubi",
53976,"Cuivré de la bistorte, Lycaena helle",
608283,Lycaena helle deslandesi,
219750,"Cuivré de la verge-d'or, Lycaena virgaureae",
219751,"Cuivré fuligineux, Lycaena tityrus",
219752,"Cuivré mauvin, Lycaena alciphron",
608280,Lycaena alciphron gordius,
53979,"Cuivré des marais, Lycaena dispar",
53973,"Cuivré commun, Lycaena phlaeas",
219753,"Cuivré écarlate, Lycaena hippothoe",
219795,"Azuré de la luzerne, Azuré de Lang, Leptotes pirithous",
54021,"Azuré porte-queue, Lampides boeticus",
219796,"Argus des pélargoniums, Brun des pélargoniums, Cacyreus marshalli",
219793,"Azuré du trèfle, Cupido argiades",
219794,"Azuré de la faucille, Cupido alcetas",
54029,"Azuré frêle, Cupido minimus",
54031,"<span style=""color:#DE1F1E""> Azuré de la chevrette, Azuré osiris, Cupido osiris </span>",
54052,"Azuré des nerpruns, Celastrina argiolus",
54075,"Azuré des cytises, Glaucopsyche alexis",
54077,"Azuré de la badasse, Glaucopsyche melanops",
631131,"Azuré du serpolet, Azuré de la pulmonaire, Phengaris alcon",
647478,"<span style=""color:#DE1F1E""> Argus bleu marine, Azuré des Mouillières, Phengaris alcon alcon </span>",
774796,"<span style=""color:#DE1F1E""> Azuré de la Pulmonaire, Azuré de la Croisette, Phengaris alcon rebeli </span>",
631133,"Azuré du serpolet, Phengaris arion",
54055,"Azuré du thym, Pseudophilotes baton",
54065,"Azuré des orpins, Scolitantides orion",
54213,"Azuré des anthyllides, Demi-argus, Cyaniris semiargus",
219763,"<span style=""color:#DE1F1E""> Azuré du mélilot, Polyommatus dorylas </span>",
219764,"Azuré de la jarosse, Polyommatus amandus",
219762,"<span style=""color:#DE1F1E""> Azuré de l'adragant, Azuré d'Escher, Polyommatus escheri </span>",
219765,"<span style=""color:#DE1F1E""> Azuré de l'esparcette, Azuré de Chapman, Polyommatus thersites </span>",
54279,"Azuré de la bugrane, Azuré commun, Polyommatus icarus",
54283,"<span style=""color:#DE1F1E""> Azuré de l'oxytropide, Polyommatus eros </span>",
54271,"Azuré bleu céleste, Lysandra bellargus",
54265,"Argus bleu-nacré, Lysandra coridon",
54267,"<span style=""color:#DE1F1E""> Bleu-nacré d'Espagne, Lysandra hispana </span>",
712121,"Azuré des géraniums, Aricia nicias",
54183,"<span style=""color:#DE1F1E"">__ Argus castillan, Aricia morronensis __</span>",x
521494,"Collier-de-corail, Aricia agestis",
392262,"<span style=""color:#DE1F1E"">__ Argus andalou, Aricia montensis __</span>",x
54191,"Argus de la sanguinaire, Eumedonia eumedon",
54200,"Azuré des soldanelles, Agriades glandon",
54105,"<span style=""color:#DE1F1E""> Azuré de l'ajonc, Petit Argus, Plebejus argus </span>",
54126,"<span style=""color:#DE1F1E""> Azuré du genêt, Moyen Argus, Plebejus idas </span>",
53352,"Petit Monarque, Danaus chrysippus",
53595,"Tircis, Pararge aegeria",
53604,"Mégère, Satyre, Lasiommata megera",
53609,"Némusien, Ariane, Lasiommata maera",
53611,"<span style=""color:#DE1F1E""> Gorgone, Lasiommata petropolitana </span>",
53615,"Bacchante, Lopinga achine",
53663,"Fadet de la mélique, Coenonympha glycerion",
53661,"Céphale, Coenonympha arcania",
53640,"Fadet des garrigues, Coenonympha dorus",
53623,"Fadet commun, Procris, Coenonympha pamphilus",
608405,"Amaryllis, Pyronia tithonus",
53697,"Ocellé de la canche, Amaryllis de Vallantin, Pyronia cecilia",
53693,"Ocellé rubané, Tityre, Pyronia bathseba",
219799,"Tristan, Aphantopus hyperantus",
53668,"Myrtil, Maniola jurtina",
53451,"Moiré frange-pie, Erebia euryale",
53459,"Moiré variable, Erebia manto",
53467,"Moiré de la canche, Erebia epiphron",
647158,"Moiré printanier, Erebia triarius",
53506,"<span style=""color:#DE1F1E""> Moiré chamoisé, Erebia gorge </span>",
53516,"<span style=""color:#DE1F1E""> Moiré pyrénéen, Erebia gorgone </span>",
219802,"Moiré lustré, Moiré arverne, Erebia arvernensis",
392335,"<span style=""color:#DE1F1E""> Moiré de Rondou, Erebia rondoui </span>",
53538,"<span style=""color:#DE1F1E""> Moiré fontinal, Erebia pronoe </span>",
53546,"Moiré cantabrique, Moiré de Lefèbvre, Erebia lefebvrei",
53562,"<span style=""color:#DE1F1E""> Moiré automnal, Erebia neoridas </span>",
53564,"Moiré des luzules, Erebia oeme",
647125,"Moiré des fétuques, Erebia meolans",
53576,"<span style=""color:#DE1F1E""> Moiré cendré, Erebia pandrose </span>",
219804,"<span style=""color:#DE1F1E""> Moiré andorran, Erebia sthennyo </span>",
53700,"Demi-deuil, Melanargia galathea",
219805,"Echiquier d'Ibérie, Melanargia lachesis",
53707,"Echiquier de Russie, Echiquier d'Esper, Melanargia russiae",
53714,"Echiquier d'Occitanie, Melanargia occitanica",
53367,"Silène, Brintesia circe",
53364,"Grand Nègre des bois, Minois dryas",
53370,"Mercure, Arethusana arethusa",
53425,"Hermite, Chazara briseis",
53358,"<span style=""color:#DE1F1E""> Grande Coronide, Satyrus ferula </span>",
53356,"<span style=""color:#DE1F1E""> Petite Coronide, Satyrus actaea </span>",
219806,"Faune, Hipparchia statilinus",
53391,"Agreste, Hipparchia semele",
53379,"<span style=""color:#DE1F1E"">__ Petit Sylvandre, Hipparchia alcyone __</span>",x
53376,"<span style=""color:#DE1F1E"">__ Sylvandre, Hipparchia fagi __</span>",x
53789,"Nymphale de l'arbousier, Pacha à deux queues, Charaxes jasius",
53786,"Grand Mars changeant, Apatura iris",
53783,"Petit Mars changeant, Apatura ilia",
53878,"Tabac d'Espagne, Argynnis paphia",
219819,"Cardinal, Argynnis pandora",
820680,"Grand Nacré, Speyeria aglaja",
53902,"Moyen Nacré, Fabriciana adippe",
53895,"Chiffre, Fabriciana niobe",
53908,"Petit Nacré, Issoria lathonia",
53911,"Nacré de la filipendule, Brenthis hecate",
646236,"Nacré de la ronce, Brenthis daphne",
53915,"Nacré de la sanguisorbe, Brenthis ino",
53918,"<span style=""color:#DE1F1E""> Nacré subalpin, Boloria pales </span>",
652083,"<span style=""color:#DE1F1E""> Nacré de la bistorte, Boloria eunomia </span>",
219817,"Petit Collier argenté, Boloria selene",
219815,"Grand Collier argenté, Boloria euphrosyne",
219818,"Petite Violette, Boloria dia",
53770,"Petit Sylvain, Limenitis camilla",
53767,"Sylvain azuré, Limenitis reducta",
53733,"Morio, Nymphalis antiopa",
53727,"Grande Tortue, Nymphalis polychloros",
53754,"Petite Tortue, Aglais urticae",
608364,"Paon-du-jour, Aglais io",
53741,"Vulcain, Vanessa atalanta",
53747,"Belle Dame, Vanessa cardui",
53759,"Robert-le-Diable, Polygonia c-album",
53724,"Carte géographique, Araschnia levana",
53817,"Mélitée du plantain, Melitaea cinxia",
53821,"Mélitée noirâtre, Melitaea diamina",
53811,"Mélitée des centaurées, Melitaea phoebe",
53794,"Mélitée orangée, Melitaea didyma",
833768,"<span style=""color:#DE1F1E"">__ Mélitée catalane, Melitaea ignasiti __</span>",x
219812,"<span style=""color:#DE1F1E"">__ Mélitée du mélampyre, Melitaea athalia __</span>",x
392382,"<span style=""color:#DE1F1E"">__ Mélitée de Fruhstorfer, Melitaea nevadensis __</span>",x
219808,"<span style=""color:#DE1F1E"">__ Mélitée des linaires, Melitaea deione __</span>",x
219810,"<span style=""color:#DE1F1E"">__ Mélitée de la lancéole/Mélitée des scabieuses, Melitaea parthenoides __</span>",x
53865,"<span style=""color:#DE1F1E""> Damier de la succise, Euphydryas aurinia </span>",
53868,"<span style=""color:#DE1F1E""> Euphydryas aurinia aurinia </span>",
646303,"<span style=""color:#DE1F1E""> Euphydryas aurinia pyrenesdebilis </span>",
829898,Euphydryas beckeri,
247035,"Zygène du Panicaut, Zygaena sarpedon",
247042,"Zygène pourpre, Zygaena purpuralis",
247045,"<span style=""color:#DE1F1E""> Zygène de la Carniole, Zygaena carniolica </span>",
247046,"Zygène d'Occitanie, Zygaena occitanica",
247044,"Zygène de la Petite coronille, Zygaena fausta",
247043,"<span style=""color:#DE1F1E""> Zygène de la Bugrane, Zygaena hilaris </span>",
247049,"Zygène cendrée, Zygaena rhadamanthus",
247052,"<span style=""color:#DE1F1E"">__ Zygène de la Gesse, Zygaena romeo __</span>",x
247053,"<span style=""color:#DE1F1E"">__ Zygène d'Ostérode, Zygaena osterodensis __</span>",x
247050,"<span style=""color:#DE1F1E""> Zygène des sommets, Zygaena exulans </span>",
247048,"<span style=""color:#DE1F1E""> Zygène de Gavarnie, Zygaena anthyllidis </span>",
247047,"Zygène du Lotier, Zygaena loti",
247055,"Zygène de la Badasse, Zygaena lavandulae",
247054,"Zygène des Thérésiens, Zygaena viciae",
247056,"Zygène de la Coronille, Zygaena ephialtes",
342940,"Zygène transalpine, Zygaena transalpina",
342946,"Zygène de l'Hippocrépide, Zygaena transalpina hippocrepidis",
247058,"Zygène de la Filipendule, Zygaena filipendulae",
247060,"Zygène des prés, Zygaena trifolii",
247059,"Zygène des bois, Zygaena lonicerae",
