list_name,name,label,filter
etudes,0,Hors étude particulière,
etudes,551,Etude non listée - A préciser,
etudes,643,ABC Colibri,
etudes,700,ABC_ISLEJOURDAIN,
etudes,216,ABC_SAINT-CLAR_2017,
etudes,706,ABCPNP_2021,
etudes,273,ARACHNOCONAT_2018,
etudes,707,ARACHNOLEPLA_2021,
etudes,701,ARACHNOMANTET,
etudes,710,B_ABICASTARAC,
etudes,513,Bénévolat,
etudes,382,BIBLIO,
etudes,519,BIBLIO ex-LR,
etudes,654,CAMBOUNET,
etudes,587,Camp militaire Villemaury,
etudes,308,CAYLUS,
etudes,702,CERES,
etudes,251,CHIROPIBESTE_2017,
etudes,708,CIMaE,
etudes,388,COLEO_GABIZOS,
etudes,619,Comcom Pic Saint Loup,
etudes,620,Comcom Vallée Hérault,
etudes,391,CONECTFOR,
etudes,262,CUZAC_2017,
etudes,631,DOCOB Grande Maïre,
etudes,350,EIP_ENTOMO,
etudes,569,ENS 11,
etudes,514,ENS 34,
etudes,418,ENS_AUDOULOU,
etudes,416,ENS_SOLAMOURE,
etudes,258,EXP46,
etudes,217,FLEURANCE_2017,
etudes,705,FLEURS LOCALES_SUDOE,
etudes,512,Gestion des sites du CEN,
etudes,632,Grau du Roi - Sites naturels,
etudes,220,IMERYS,
etudes,207,Inventaires_CAVERNICOLES,
etudes,392,LACSALTITUDE,
etudes,576,Laro-Limicoles,
etudes,393,LHOSPITALET_2019,
etudes,51,MARTREBELAIR 2010,
etudes,648,MC ASF A9 Garrigues,
etudes,647,MC CD34 LIENS,
etudes,649,MC GGL Parignargues,
etudes,637,MC Lido de Thau,
etudes,646,MC Ocvia,
etudes,644,MC STPC Brissac,
etudes,618,Mesures Compensatoires - Aqua Domitia 2,
etudes,583,Mesures Compensatoires - ASF A9,
etudes,387,MILIEUXSECS_2020,
etudes,636,Mirabeau,
etudes,704,N2000_AGOUT_GIJOU,
etudes,655,N2000_CAUCALIERES,
etudes,656,N2000_MONTAGNE_NOIRE,
etudes,592,OCVIA : Suivis et état zéro,
etudes,399,ODO_PINET,
etudes,380,PERIPH_2019,
etudes,12,PNAD,
etudes,544,PNRHL,
etudes,13,PRAC,
etudes,223,PYROUTETRD37_2017,
etudes,153,RAVIEGE_2013,
etudes,224,RD37CD31_2017,
etudes,336,RD630CD31_2019,
etudes,417,RD79CD31_ESCALQUENS,
etudes,169,RN124_AUBIET,
etudes,200,RN124_GIMONT,
etudes,170,RN88_BARAQUEVILLE,
etudes,171,RN88_STJEAN,
etudes,172,RN88_TANUS,
etudes,640,RNN Estagnol,
etudes,511,RNRGG,
etudes,550,Salines de villeneuve,
etudes,403,SITES_SECS,
etudes,198,SMOCS_2015,
etudes,559,Suivis Laro-Limicoles,
etudes,371,TEREGA_URGOSSE_2019,
etudes,653,test de forumlaires mobiles (données fictives),
etudes,419,VALOREM,
etudes,395,VIEILLES_FORETS,
etudes,652,Ville de Nîmes,
etudes,703,VOIE_VERTE_46,
etudes,385,ZAC_RIVEL,
etudes,320,ZHU,
etudes,266,ZHU_2018,
etudes,402,ZONES_HUMIDES,
etudes,500,Non mentionnée,
