name,label
10,10 Gîte à Chiroptères (Bâti)
11.11,11.11 Eaux océaniques
11.121,11.121 Eaux littorales
11.122,11.122 Eaux néritiques lointaines (du large)
11.123,11.123 Talus continental
11.124,11.124 Upwellings
11.125,11.125 Hauts fonds
11.12,11.12 Eaux du talus et du plateau continental (= eaux néritiques)
11.1,11.1 Eaux marines
11.21,11.21 Fonds sous marins profonds
11.22,11.22 Zones benthiques sublittorales sur sédiments meubles
11.23,11.23 Zones benthiques sublittorales sur cailloutis
11.24,11.24 Zones benthiques sublittorales sur fonds rocheux
11.251,11.251 Concrétions coralligènes
11.252,11.252 Trottoirs d'algues encroûtantes
11.253,11.253 Trottoirs de Gastéropodes et Polychètes
11.254,11.254 Trottoirs de moules (moulières)
11.25,11.25 Formations sublittorales de concrétions organogéniques
11.26,11.26 Grottes sous marines
11.2,11.2 Benthos (Fonds marins)
11.31,11.31 Herbiers atlantiques à Zostères
11.321,11.321 Herbiers à Zostères naines de l'Atlantique continental
11.322,11.322
11.32,11.32 Herbiers atlantiques à Zostères naines
11.331,11.331 Herbiers méditerranéens à Cymodocea
11.332,11.332 Herbiers méditerranéens à Zostera
11.33,11.33 Herbiers méditerranéens à Cymodocea et Zostera
11.34,11.34 Herbiers de Posidonia
11.35,11.35
11.36,11.36
11.361,11.361
11.362,11.362
11.3,11.3 Herbiers marins à plantes vasculaires
11.41,11.41 Groupements marins à Ruppia maritima
11.42,11.42
11.4,11.4 Herbiers des eaux saumâtres
11,11 Mers et océans
12,12 Bras de mer
13.11,13.11 Eau saumâtre des cours d'eau soumis à marées
13.12,13.12 Eau douce des cours d'eau soumis à marées
13.1,13.1 Fleuves et rivières soumis à marées
13.2,13.2 Estuaires
13.3,13.3 Herbiers marins submergés
13.4,13.4 Herbiers saumâtres submergés
13,13 Estuaires et rivières tidales (soumises à marées)
14,14 Vasières et bancs de sable sans végétations
15.1111,15.1111 Gazons à salicorne des côtes basses
15.1112,15.1112 Groupements à Suaeda et salicorne
15.111,15.111 Gazons atlantiques à Salicorne (Slikkes)
15.1121,15.1121 Suintements continentaux à salicorne
15.1122,15.1122 Gazons continentaux secs à salicorne
15.112,15.112 Gazons continentaux à salicorne
15.1131,15.1131 Gazons à salicorne des basses côtes méditerranéennes
15.1132,15.1132
15.1133,15.1133 Gazons à salicorne des hautes côtes méditerranéennes
15.113,15.113 Gazons méditerranéens à salicorne
15.114,15.114
15.1141,15.1141
15.1142,15.1142
15.11,15.11 Gazons à Salicorne et Suaeda
15.12,15.12 Groupements halonitrophiles à Frankenia
15.13,15.13 Groupements à Sagina et Cochlearia
15.1,15.1 Gazons pionniers salés
15.21,15.21 Prairies à Spartine à feuilles plates
15.22,15.22
15.2,15.2 Prairies à Spartine
15.31,15.31 Prés salés avec Puccinellia maritima
15.321,15.321 Prés salés avec graminées et Pourpier marin
15.322,15.322 Prés salés avec graminées et Aster marin
15.323,15.323 Prés salés avec graminées et Salicorne
15.324,15.324 Végétations à Halimione pedunculata
15.32,15.32 Groupements à Puccinellia maritima des prés salés
15.331,"15.331 Formations dominées par, ou riches en, Juncus gerardii"
15.332,15.332 Formations dominées par Plantago maritima
15.333,15.333 Gazons à Festuca rubra ou Agrostis stolonifera
15.334,15.334 Gazons à Statice (Armeria maritima)
15.335,15.335 Zones à Carex distans
15.336,15.336 Formations riches en Carex extensa
15.337,15.337 Prairies à lavandes de mer (Limonium vulgare)
15.338,15.338 Formations riches en Blysmus rufus
15.339,15.339 Zones à Eleocharis uniglumis ou E. palustris
15.33A,15.33A Zones à Juncus maritimus{15.33A}
15.33B,15.33B Champs à armoise marine (Artemisia maritima){15.33B}
15.33,15.33 Communautés du schorre supérieur
15.33C,15.33C Tapis de Potentilla anserina{15.33C}
15.33D,15.33D Tapis de Frankenia laevis{15.33D}
15.33E,15.33E Zones à Aster (Aster tripolium) du schorre supérieur{15.33E}
15.34,15.34 Prés salés à Puccinellia et Spergularia marina
15.35,15.35 Végétation à Elymus pycnanthus
15.36,15.36 Laisses de mer des prés salés atlantiques
15.3,15.3 Prés salés atlantiques
15.41,15.41 Prés salés continentaux avec Puccinellia distans
15.42,15.42 Prés salés continentaux à jonc et Elymus
15.43,15.43
15.4,15.4 Prés salés continentaux
15.51,15.51 Prés salés méditerranéens à Juncus maritimus et J. acutus
15.52,15.52 Prés salés à Juncus gerardii et Carex divisa
15.53,15.53 Prés méditerranéens halo psammophiles
15.54,15.54
15.55,15.55 Prés salés méditerranéens à Puccinellia
15.56,15.56 Formations à annuelles sur laisses
15.57A,{15.57A}
15.57C,{15.57C}
15.57,15.57 Prés salés à chiendent et armoise
15.58,15.58 Formations à Juncus subulatus
15.5,15.5 Prés salés méditerranéens
15.611,15.611 Tapis d'Arthrocnemum perennis
15.612,15.612 Bosquets d'arbrisseaux à Arthrocnemum (enganes)
15.613,15.613 Bosquets à Arthrocnemum glaucum (enganes)
15.614,15.614 Bosquets d'arbrisseaux à Suaeda
15.615,15.615
15.6151,15.6151
15.6152,15.6152
15.6153,15.6153
15.616,15.616 Fourrés méditerranéens à pourpier marin et Arthrocnemum fruticosi
15.617,15.617
15.61,15.61 Fourrés des marais salés méditerranéens
15.621,15.621 Fourrés argentés à Halimione portulacoides
15.622,15.622 Fruticées atlantiques d'Arthrocnemum perennis
15.623,15.623 Fourrés atlantiques d'arbrisseaux à Suaeda
15.624,15.624 Fourrés atlantiques d'arbustes à Arthrocnemum
15.62,15.62 Fourrés des marais salés atlantiques
15.63,15.63 Fourrés à Limoniastrum
15.64,15.64
15.641,15.641
15.642,15.642
15.643,15.643
15.6,15.6 Fourrés des prés salés (hygro halophiles)
15.71,15.71
15.711,15.711
15.712,15.712
15.713,15.713
15.721,15.721
15.722,15.722
15.723,15.723
15.724,15.724
15.725,15.725
15.72,15.72 Fourrés halonitrophiles méditerranéens
15.7,15.7 Fourrés halophiles semi désertiques
15.8114,15.8114 Steppes à Lavande de mer catalano provençales
15.811,15.811 Steppes à Lavande de mer ibériques
15.81,15.81 Steppes à Lavande de mer
15.82,15.82
15.8,15.8 Steppes salées méditerranéennes
15.9,15.9
15.91,15.91
15.911,15.911
15.912,15.912
15.913,15.913
15.92,15.92
15.921,15.921
15.922,15.922
15.923,15.923
15.93,15.93
15,"15 Marais salés, prés salés (schorres), steppes salées et fourrés sur gypse"
16.11,16.11 Plages de sable sans végétation
16.12,16.12 Groupements annuels des plages de sable
16.13,16.13 Groupements vivaces des plages de sable
16.1,16.1 Plages de sable
16.2111,16.2111 Dunes embryonnaires atlantiques
16.2112,16.2112 Dunes embryonnaires méditerranéennes
16.211,16.211 Dunes embryonnaires
16.2121,16.2121 Dunes blanches de l'Atlantique
16.2122,16.2122 Dunes blanches de la Méditerranée
16.2123,16.2123
16.212,16.212 Dunes blanches
16.21,16.21 Dunes mobiles
16.2211,16.2211 Groupements dunaires à Tortula
16.2212,16.2212 Groupements dunaires à Corynephorus canescens
16.2213,16.2213 Groupements dunaires à Myosoton
16.221,16.221 Dunes grises septentrionales
16.222,16.222 Dunes grises de Gascogne
16.223,16.223 Dunes grises ibéro méditerranéennes
16.224,16.224 Dunes à Euphorbia terracina
16.225,16.225 Pelouses dunaires du Mesobromion
16.226,16.226 Lisières des dunes thermophiles
16.227,16.227 Groupements dunaires à plantes annuelles
16.228,16.228 Groupements dunaires à Malcolmia
16.229,16.229 Pelouses dunaires méditerranéennes xériques
16.22A,16.22A{16.22A}
16.22,16.22 Dunes grises
16.23,16.23
16.241,16.241
16.242,16.242 Dunes françaises à bruyère
16.243,16.243
16.244,16.244 Dunes françaises à bruyère cendrée
16.245,16.245 Dunes françaises à bruyère ciliée
16.246,16.246
16.247,16.247
16.24,16.24 Dunes brunes à bruyère
16.251,16.251 Fourrés dunaires à Argousier
16.252,16.252 Fourrés dunaires mixtes
16.25,"16.25 Dunes avec fourrés, bosquets"
16.26,16.26 Dunes à Salix arenaria
16.271,16.271 Fourrés dunaires à genévrier oxycèdre
16.272,16.272 Bois à Juniperetum lyciae
16.273,16.273
16.274,16.274
16.27,16.27 Dunes à genévrier
16.28,16.28 Fourrés dunaires à sclérophylles
16.29,16.29 Dunes boisées
16.2,16.2 Dunes
16.31,16.31 Mares des lettes dunaires
16.32,16.32 Gazons pionniers des lettes ou pannes humides
16.33,16.33 Bas marais des pannes humides
16.34,16.34 Prairies des lettes ou pannes humides
16.35,16.35 Roselières et cariçaies des lettes dunaires
16.3,"16.3 Lettes dunaires humides (= Pannes humides, = Dépressions humides intradunales)"
16,16 Dunes côtières et plages de sable
17.1,17.1 Plages de galets sans végétation
17.2,17.2 Végétation annuelle des laisses de mer sur plages de galets
17.31,17.31
17.32,17.32 Groupements à Crambe de la Manche
17.33,17.33 Groupements à Crambe de l'Atlantique
17.3,17.3 Végétation vivace des bancs de galets à Crambe
17.41,17.41 Pelouses à Avoine élevée sur bancs de galets
17.42,17.42 Landes à Genêt à balais sur bancs de galets
17.4,17.4 Prairies et landes des bancs de galets
17,17 Plages de galets
18.11,18.11 Rochers et falaises de la frange médiolittorale
18.12,18.12 Rochers de l'étage médiolittoral inférieur
18.13,18.13 Rochers de l'étage médiolittoral supérieur
18.14,"18.14 Surplombs, crevasses et grottes de l'étage médiolittoral"
18.15,18.15 Mares permanentes des rochers de l'étage médiolittoral
18.16,18.16 Rochers de l'étage supralittoral
18.17,18.17 Flaques des rochers de l'étage supralittoral
18.1,18.1 Falaises maritimes nues
18.21,18.21 Groupements des falaises atlantiques
18.22,18.22 Groupements des falaises méditerranéennes
18.23,18.23
18.24,18.24
18.2,18.2 Côtes rocheuses et falaises avec végétation
18.3,18.3
18,18 Côtes rocheuses et falaises maritimes
19,"19 Ilots, bancs rocheux et récifs"
1A,1A{1A}
1,1 Habitats littoraux et halophiles
21,21 Lagunes
22.11,22.11 Eaux oligotrophes pauvres en calcaire
22.12,22.12 Eaux mésotrophes
22.13,22.13 Eaux eutrophes
22.14,22.14 Eaux dystrophes
22.15,22.15 Eaux oligo mésotrophes riches en calcaire
22.1,22.1 Eaux douces
22.2,22.2 Galets ou vasières non végétalisés
22.3111,22.3111 Gazons de Littorelles
22.3112,22.3112 Etangs à Lobélies
22.3113,22.3113 Gazons d'Isoètes euro sibériens
22.3114,22.3114 Communautés flottantes de Sparganium
22.311,"22.311 Gazons de Littorelles, étangs à Lobélies, gazons d'Isoètes"
22.312,22.312 Gazons à Eleocharis en eaux peu profondes
22.313,22.313 Gazons des bordures d'étangs acides en eaux peu profondes
22.314,22.314 Gazons des berges tourbeuses en eaux peu profondes
22.3151,22.3151 Gazons péri alpins à Canche des rivages
22.3152,22.3152
22.315,22.315 Gazons à Canche des rivages
22.31,22.31 Communautés amphibies pérennes septentrionales
22.321,22.321 Communautés à Eleocharis
22.322,22.322 Gazons de plantes pionnières des lettes dunaires
22.3231,22.3231 Gazons à Juncus bufonius
22.3232,22.3232 Gazons à petits Souchets
22.3233,22.3233 Communautés d'herbes naines des substrats humides
22.323,22.323 Communautés naines à Juncus bufonius
22.32,22.32 Gazons amphibies annuels septentrionaux
22.33,22.33 Groupements à Bidens tripartitus
22.3411,22.3411 Groupements terrestres à Isoètes
22.3412,22.3412 Gazons méditerranéens aquatiques à Isoètes
22.3413,22.3413
22.3414,22.3414 Gazons méditerranéens à Cyperus
22.3415,22.3415 Gazons méditerranéens à Fimbristylis
22.3416,22.3416
22.3417,22.3417 Groupements à Spiranthes et Anagallis
22.3418,22.3418 Groupements méditerranéens amphibies à plantes de taille réduite
22.341,22.341 Petits gazons amphibies méditerranéens
22.342,22.342 Grands gazons méditerranéens amphibies
22.343,22.343 Gazons méditerranéens amphibies halo nitrophiles
22.344,22.344 Prairies à Serapias
22.34,22.34 Groupements amphibies méridionaux
22.3,22.3 Communautés amphibies
22.411,22.411 Couvertures de Lemnacées
22.412,22.412 Radeaux d'Hydrocharis
22.413,22.413 Radeaux de Stratiotes
22.414,22.414 Colonies d'Utriculaires
22.415,22.415 Couvertures de Salvinia
22.416,22.416 Groupements à Aldrovanda
22.41,22.41 Végétations flottant librement
22.421,22.421 Groupements de grands Potamots
22.422,22.422 Groupements de petits Potamots
22.42,22.42 Végétations enracinées immergées
22.4311,22.4311 Tapis de Nénuphars
22.4312,22.4312 Tapis de chataîgnes d'eau
22.4313,22.4313 Tapis de Nymphoides
22.4314,22.4314 Tapis de Potamot flottant
22.4315,22.4315 Tapis de Renouées
22.431,22.431 Tapis flottant de végétaux à grandes feuilles
22.432,22.432 Communautés flottantes des eaux peu profondes
22.433,22.433 Groupements oligotrophes de Potamots
22.43,22.43 Végétations enracinées flottantes
22.441,22.441 Tapis de Chara
22.442,22.442 Tapis de Nitella
22.44,22.44 Tapis immergés de Characées
22.45,22.45 Mares de tourbières à Sphaignes et Utriculaires
22.4,22.4 Végétations aquatiques
22.5,22.5 Masses d'eau temporaires
22,22 Eaux douces stagnantes
23.11,23.11 Eau libre sans tapis de Charophytes
23.12,23.12 Tapis algual de Charophyte
23.1,23.1 Eaux saumâtres ou salées sans végétation
23.211,23.211 Groupements à Ruppia
23.212,23.212 Communautés lagunaires de végétation marine
23.21,23.21 Formations immergées des eaux saumâtres ou salées
23.22,23.22 Scirpaies naines lagunaires
23.2,23.2 Eaux saumâtres ou salées végétalisées
23,"23 Eaux stagnantes, saumâtres et salées"
24.11,24.11 Ruisselets
24.12,24.12 Zone à Truites
24.13,24.13 Zone à Ombres
24.14,24.14 Zone à Barbeaux
24.15,24.15 Zone à Brèmes
24.161,24.161
24.16,24.16 Cours d'eau intermittents
24.1,24.1 Lits des rivières
24.21,24.21 Bancs de graviers sans végétation
24.221,24.221 Groupements d'Epilobes des rivières subalpines
24.222,24.222 Groupements alpins des bancs de graviers
24.223,24.223 Broussailles de Saules et de Myricaire germanique
24.224,24.224 Fourrés et bois des bancs de graviers
24.225,24.225 Lits de graviers méditerranéens
24.226,24.226 Graviers des rivières de plaine
24.22,24.22 Bancs de graviers végétalisés
24.2,24.2 Bancs de graviers des cours d'eau
24.31,24.31 Bancs de sable des rivières sans végétation
24.32,24.32 Bancs de sable riverains pourvus de végétation
24.3,24.3 Bancs de sable des rivières
24.41,24.41 Végétation des rivières oligotrophes acidiphiles
24.42,24.42 Végétation des rivières oligotrophes riches en calcaire
24.43,24.43 Végétation des rivières mésotrophes
24.44,24.44 Végétation des rivières eutrophes
24.4,24.4 Végétation immergée des rivières
24.51,24.51 Dépôts nus d'alluvions fluviatiles limoneuses
24.52,24.52 Groupements euro sibériens annuels des vases fluviatiles
24.53,24.53 Groupements méditerranéens des limons riverains
24.5,24.5 Dépôts d'alluvions fluviatiles limoneuses
24,24 Eaux courantes
2,2 Milieux aquatiques non marins
31.11,31.11 Landes humides atlantiques septentrionales
31.12,31.12 Landes humides atlantiques méridionales
31.13,31.13 Landes humides à Molinia caerulea
31.1,31.1 Landes humides
31.211,31.211
31.212,31.212
31.2121,31.2121
31.2122,31.2122
31.2123,31.2123
31.2124,31.2124
31.2125,31.2125
31.2126,31.2126
31.2127,31.2127
31.2128,31.2128
31.213,31.213 Landes hercyniennes à Vaccinium
31.214,31.214 Landes submontagnardes alpiennes à Vaccinium
31.215,31.215 Landes sub montagnardes pyrénéo cantabriques à Vaccinium
31.21,31.21 Landes submontagnardes à Vaccinium
31.221,31.221
31.222,31.222
31.223,31.223 Landes campino flandriennes à Callune et Genêt
31.224,31.224 Landes campino flandriennes à Erica cinerea
31.225,31.225
31.2251,31.2251
31.2252,31.2252
31.2253,31.2253
31.2254,31.2254
31.2255,31.2255
31.2256,31.2256
31.2257,31.2257
31.2258,31.2258
31.226,31.226 Landes montagnardes à Calluna et Genista
31.227,31.227 Landes à Empetrum nigrum
31.228,31.228
31.229,31.229
31.22A,31.22A Landes à Genista sagittalis{31.22A}
31.22,31.22 Landes sub atlantiques à Genêt et Callune
31.231,31.231 Landes à Ulex maritimus
31.232,31.232
31.233,31.233
31.2341,31.2341 Landes armoricaines à Erica vagans
31.2342,31.2342
31.23421,31.23421
31.23422,31.23422
31.234,31.234 Landes septentrionales à Erica vagans
31.2351,31.2351 Landes anglo armoricaines à Ulex gallii et Erica cinerea
31.2352,31.2352 Landes anglo armoricaines à Ulex gallii et Erica ciliaris
31.2353,31.2353 Landes anglo armoricaines à Ulex gallii et Calluna
31.2354,31.2354
31.235,31.235 Landes anglo armoricaines occidentales à Ajoncs
31.236,31.236 Landes pyrénéo cantabriques à Erica mackaiana et E. ciliaris
31.237,31.237 Landes pyrénéo cantabriques à Erica vagans et Erica cinerea
31.2381,31.2381 Landes anglo normandes à Ulex minor et Erica cinerea
31.2382,31.2382 Landes anglo normandes à Ulex minor et Erica ciliaris
31.2383,31.2383 Landes anglo normandes à Ulex minor et Calluna
31.238,31.238 Landes anglo normandes à Ajoncs nains
31.2391,31.2391 Landes aquitano ligériennes à Ulex minor et Erica cinerea
31.2392,31.2392 Landes aquitano ligériennes à Ulex minor et Erica ciliaris
31.2393,31.2393 Landes aquitano ligériennes à Ulex minor et Erica scoparia
31.239,31.239 Landes aquitano ligériennes à Ajoncs nains
31.23,31.23 Landes atlantiques à Erica et Ulex
31.2411,31.2411 Landes aquitaniennes à Erica et Cistus
31.2412,31.2412 Landes arides de Gascogne et de Sologne
31.2413,31.2413
31.241,31.241 Landes gasconnes
31.242,31.242
31.2421,31.2421
31.2422,31.2422
31.243,31.243
31.2431,31.2431
31.2432,31.2432
31.244,31.244
31.2441,31.2441
31.2442,31.2442
31.2443,31.2443
31.245,31.245
31.2451,31.2451
31.2452,31.2452
31.2453,31.2453
31.246,31.246
31.2461,31.2461
31.2462,31.2462
31.2463,31.2463
31.2464,31.2464
31.247,31.247
31.248,31.248
31.249,31.249
31.24,"31.24 Landes ibéro atlantiques à Erica, Ulex et Cistus"
31.2,31.2 Landes sèches
31.3,31.3
31.31,31.31
31.311,31.311
31.312,31.312
31.32,31.32
31.33,31.33
31.34,31.34
31.35,31.35
31.36,31.36
31.411,31.411 Landes à Loiseleuria
31.412,31.412 Landes alpines à Vaccinium
31.41,31.41 Landes naines à Azalée et à Vaccinium
31.42,31.42 Landes à Rhododendron
31.431,31.431 Fourrés à Juniperus communis subsp. nana
31.432,31.432 Fourrés à Juniperus sabina
31.433,31.433 Fourrés à Juniperus communis subsp. hemisphaerica
31.434,31.434
31.43,31.43 Fourrés à Genévriers nains
31.44,31.44 Landes à Empetrum et Vaccinium
31.45,31.45
31.451,31.451
31.452,31.452
31.453,31.453
31.46,31.46
31.47,31.47 Landes à Arctostaphylos uva ursi
31.48,31.48 Landes à Rhododendron hirsutum
31.491,31.491 Tapis de Dryas de haute montagne
31.492,31.492
31.493,31.493
31.494,31.494
31.495,31.495
31.49,31.49 Tapis à Dryade
31.4A,31.4A{31.4A}
31.4,31.4 Landes alpines et boréales
31.51,31.51 Fourrés bas de Pins mugo des Alpes internes
31.52,31.52
31.53,31.53 Fourrés bas de Pins mugo des Alpes sud occidentales
31.54,31.54
31.5,31.5 Fourré bas de Pins mugo
31.611,31.611 Fourrés d'Aulnes verts des Alpes
31.612,31.612 Broussailles corses d'Alnus viridis subsp. suaveolens
31.61,31.61 Broussailles d'Aulnes verts
31.6211,31.6211 Brousses à Saules bas des Alpes
31.6212,31.6212 Brousses alpiennes à Saules prostrés
31.6213,31.6213 Brousses alpiennes de Saules élevés
31.6214,31.6214 Broussailles de Saules pyrénéens
31.621,31.621 Fourrés de Saules pyrénéo alpiens
31.622,31.622
31.623,31.623
31.62,31.62 Fourrés de Saules
31.63,31.63 Mégaphorbiaies subalpines avec buissons
31.64,31.64
31.6,31.6 Fourrés subalpins et communautés de hautes herbes (mégaphorbiaies)
31.71,31.71 Landes épineuses pyrénéennes
31.72,31.72
31.721,31.721
31.722,31.722
31.723,31.723
31.724,31.724
31.73,31.73
31.731,31.731
31.732,31.732
31.733,31.733
31.734,31.734
31.7341,31.7341
31.7342,31.7342
31.735,31.735
31.7411,31.7411
31.7412,31.7412
31.7413,31.7413
31.7414,31.7414
31.7415,31.7415
31.741,31.741 Landes épineuses à Erinacea
31.742,31.742
31.7421,31.7421
31.7422,31.7422
31.7423,31.7423
31.7424,31.7424
31.743,31.743
31.7431,31.7431
31.7432,31.7432
31.7433,31.7433
31.744,31.744
31.7451,31.7451 Landes en coussinets pyrénéo cantabriennes
31.7452,31.7452
31.7453,31.7453
31.7454,31.7454
31.7455,31.7455
31.7456,31.7456 Landes en coussinets à Genista lobelii et G. pulchella
31.745,31.745 Landes en coussinets de Genista
31.746,31.746
31.7461,31.7461
31.7462,31.7462
31.747,31.747
31.7471,31.7471
31.7472,31.7472
31.74,31.74 Landes épineuses franco ibériques
31.751,31.751 Landes épineuses à Astragalus gennargenteus
31.752,31.752 Landes épineuses cyrno sardes à Euphorbia
31.753,31.753 Landes en coussinets cyrno sardes à Thymus
31.754,31.754 Landes épineuses cyrno sardes à Genista
31.755,31.755 Landes épineuses cyrno sardes à Berberis
31.756,31.756 Landes épineuses cyrno sardes à Anthyllis
31.75,31.75 Landes épineuses cyrno sardes
31.76,31.76
31.77,31.77
31.771,31.771
31.772,31.772
31.773,31.773
31.774,31.774
31.775,31.775
31.78,31.78
31.79,31.79
31.791,31.791
31.7911,31.7911
31.7912,31.7912
31.7913,31.7913
31.792,31.792
31.7921,31.7921
31.7922,31.7922
31.793,31.793
31.7931,31.7931
31.7932,31.7932
31.7A,31.7A{31.7A}
31.7A1,31.7A1{31.7A1}
31.7A2,31.7A2{31.7A2}
31.7A3,31.7A3{31.7A3}
31.7A4,31.7A4{31.7A4}
31.7B,31.7B{31.7B}
31.7B1,31.7B1{31.7B1}
31.7B2,31.7B2{31.7B2}
31.7B3,31.7B3{31.7B3}
31.7B4,31.7B4{31.7B4}
31.7C,31.7C{31.7C}
31.7C1,31.7C1{31.7C1}
31.7C11,31.7C11{31.7C11}
31.7C12,31.7C12{31.7C12}
31.7C13,31.7C13{31.7C13}
31.7C14,31.7C14{31.7C14}
31.7C15,31.7C15{31.7C15}
31.7C16,31.7C16{31.7C16}
31.7C17,31.7C17{31.7C17}
31.7C2,31.7C2{31.7C2}
31.7C21,31.7C21{31.7C21}
31.7C22,31.7C22{31.7C22}
31.7D,31.7D{31.7D}
31.7E,31.7E Landes épineuses à Astragalus sempervirens{31.7E}
31.7F,31.7F{31.7F}
31.7F1,31.7F1{31.7F1}
31.7F2,31.7F2{31.7F2}
31.7,31.7 Landes épineuses (= Landes hérisson)
31.8111,31.8111 Fruticées subatlantiques Prunus spinosa et Rubus fruticosus
31.8112,31.8112 Fruticées atlantiques Prunus spinosa et Rubus fruticosus
31.811,31.811 Fruticées à Prunus spinosa et halliers à Rubus fruticosus
31.81211,31.81211 Fruticées médio européennes à Prunelliers et Troènes
31.812121,31.812121 Fruticées atlantiques calciclines
31.812122,"31.812122 Fruticées calcicoles de bord de route, sur craie"
31.81212,31.81212 Fruticées atlantiques à Crataegus et Hedera
31.8121,31.8121 Fruticées atlantiques et médio européennes à Prunelliers et Troènes
31.8122,31.8122 Fruticées subméditerranéennes de Prunelliers et de Troènes
31.8123,31.8123 Fruticées de stations rocailleuses à Cotoneaster et Amélanchier
31.8124,31.8124 Fruticées d'Argousiers
31.81251,31.81251 Fruticées à Prunus brigantiaca
31.81252,31.81252 Autres fruticées intra alpines à Epine vinette
31.8125,31.8125 Fruticées intra alpines à Epine vinette
31.8126,31.8126
31.812,31.812 Fruticées à Prunelliers et Troènes
31.81,31.81 Fourrés médio européens sur sol fertile
31.82,31.82 Fruticées à Buis
31.831,31.831 Ronciers
31.832,"31.832 Fourrés à Bourdaine, Sorbiers, Chèvrefeuilles"
31.83,31.83 Fruticées atlantiques des sols pauvres
31.8411,31.8411 Landes à Genêts des plaines et des collines
31.8412,31.8412 Landes à Genêts des Alpes
31.8413,31.8413 Landes du Massif central à Cytisus scoparius
31.8414,31.8414 Landes à Cytisus scoparius des Pyrénées
31.841,31.841 Landes médio européennes à Cytisus scoparius
31.8421,31.8421 Landes à Cytisus purgans des Cévennes
31.8422,31.8422 Landes à Cytisus purgans pyrénéennes
31.8423,31.8423
31.8424,31.8424
31.8425,31.8425
31.8426,31.8426
31.8427,31.8427
31.842,31.842 Landes à Cytisus purgans
31.843,31.843
31.8431,31.8431
31.8432,31.8432
31.8433,31.8433
31.8434,31.8434
31.8435,31.8435
31.8436,31.8436
31.8437,31.8437
31.844,31.844
31.8441,31.8441
31.8442,31.8442
31.845,31.845
31.8451,31.8451
31.8452,31.8452
31.846,31.846
31.84,31.84 Landes à Genêts
31.85,31.85 Landes à Ajoncs
31.861,31.861 Landes subatlantiques à Fougères
31.862,31.862
31.863,31.863 Landes supra méditerranéennes à Fougères
31.86,31.86 Landes à Fougères
31.8711,31.8711 Clairières à Epilobes et Digitales
31.8712,31.8712 Clairières à Bardane et Belladonne
31.871,31.871 Clairières herbacées forestières
31.872,31.872 Clairières à couvert arbustif
31.87,31.87 Clairières forestières
31.881,31.881 Landes à Genévriers
31.882,31.882 Landes à Genévriers
31.883,31.883
31.88,31.88 Fruticées à Genévriers communs
31.891,31.891 Fourrés caducifoliés sub méditerranéens franco ibériques
31.892,31.892
31.893,31.893
31.894,31.894
31.89,31.89 Fourrés caducifoliés sub méditerranéens sud occidentaux
31.8A1,31.8A1 Fourrés cyrno sardes subméditerranéens caducifoliés{31.8A1}
31.8A2,31.8A2{31.8A2}
31.8A,31.8A Fourrés tyrrhéniens subméditerranéens caducifoliés{31.8A}
31.8B1,31.8B1{31.8B1}
31.8B2,31.8B2{31.8B2}
31.8B3,31.8B3{31.8B3}
31.8B4,31.8B4{31.8B4}
31.8B,31.8B Fourrés caducifoliés sub méditerranéens sud orientaux{31.8B}
31.8C,31.8C Fourrés de Noisetiers{31.8C}
31.8D,31.8D Recrûs forestiers caducifoliés{31.8D}
31.8E,31.8E Taillis{31.8E}
31.8F,31.8F Fourrés mixtes{31.8F}
31.8,31.8 Fourrés
31.8G,31.8G Prébois de résineux{31.8G}
31,31 Landes et fruticées
32.111,32.111 Matorral de Quercus suber
32.112,32.112 Matorral acidiphile de Quercus ilex
32.113,"32.113 Matorral calciphile à Quercus ilex, Q. coccifera"
32.114,32.114
32.1141,32.1141
32.1142,32.1142
32.1143,32.1143
32.115,32.115
32.116,32.116
32.1161,32.1161
32.1162,32.1162
32.11,32.11 Matorral à Chênes sempervirents
32.121,32.121 Matorral arborescent à Olivier sauvage
32.122,32.122 Matorral arborescent à Caroubier
32.123,32.123 Matorral arborescent à Lentisque
32.124,32.124 Matorral arborescent à Myrte
32.125,32.125
32.12,32.12 Matorral à Oliviers et Lentisques
32.1311,32.1311 Matorral arborescent interne à Juniperus oxycedrus
32.1312,32.1312 Matorral arborescent à Juniperus macrocarpa
32.1313,32.1313
32.131,32.131 Matorral arborescent à Juniperus oxycedrus
32.1321,"32.1321 Matorral arborescent, intérieur, à Juniperus phoenicea"
32.1322,32.1322 Matorral arborescent à Juniperus lycia
32.132,32.132 Matorral arborescent à Juniperus phoenicea
32.133,32.133
32.1331,32.1331
32.1332,32.1332
32.134,32.134 Matorral arborescent à Juniperus communis
32.135,32.135
32.136,32.136 Matorral arborescent à Juniperus thurifera
32.13,32.13 Matorral à Genévriers
32.141,32.141 Matorral arborescent à Pin mésogéen (Pinus pinaster)
32.142,32.142 Matorral arborescent à Pin pignon (Pinus pinea)
32.143,32.143 Matorral arborescent à Pin d'Alep (Pinus halepensis)
32.144,32.144
32.145,32.145 Matorral arborescent à Pin noir ou à Pin sylvestre
32.14,32.14 Matorral à Pins
32.15,32.15
32.161,32.161
32.162,32.162 Matorral occidental à Chênes caducifoliés
32.16,32.16 Matorral arborescent à chênes caducifoliés
32.17,32.17
32.18,32.18 Matorral à Lauriers
32.19,32.19
32.1A,32.1A{32.1A}
32.1,32.1 Matorral arborescent
32.211,32.211 Fruticées à Oliviers et Lentisques
32.2121,32.2121 Landes garrigues occidentales à Erica multiflora
32.2122,32.2122
32.2123,32.2123
32.212,32.212 Landes garrigues thermo méditerranéennes
32.213,32.213
32.214,32.214 Fruticée à Lentisques
32.215,32.215 Fruticée à Calicotome
32.216,32.216 Fourrés à Lauriers
32.217,32.217 Garrigues côtières à Helichrysum
32.218,32.218 Fourrés à Myrtes
32.2191,32.2191
32.2192,32.2192 Fruticées thermo méditerranéennes tyrrhéniennes à chêne kermès
32.2193,32.2193
32.219,32.219 Buissons thermo méditerranéens à Chênes kermès
32.21A,32.21A{32.21A}
32.21A1,32.21A1{32.21A1}
32.21A2,32.21A2{32.21A2}
32.21A3,32.21A3 Fourrés occidentaux à Phillyrea{32.21A3}
32.21A4,32.21A4{32.21A4}
32.21B,32.21B Fruticées à Nerprun et asperges{32.21B}
32.21C,32.21C Buissons à Osyris{32.21C}
32.21D,32.21D Fourrés à Aliboufier{32.21D}
32.21E,32.21E{32.21E}
32.21F,32.21F{32.21F}
32.21,"32.21 Fruticées, fourrés et landes garrigues thermo méditerranéennes"
32.21G,32.21G{32.21G}
32.21G1,32.21G1{32.21G1}
32.21G2,32.21G2{32.21G2}
32.21H,32.21H{32.21H}
32.21I,32.21I Brousses thermo méditerranéennes à Genévriers{32.21I}
32.22,32.22 Formations à Euphorbes
32.23,32.23 Garrigues à Ampelodesmos mauritanica
32.24,32.24 Fruticée à Palmier nain
32.25,32.25
32.251,32.251
32.252,32.252
32.253,32.253
32.254,32.254
32.255,32.255
32.256,32.256
32.2561,32.2561
32.2562,32.2562
32.2563,32.2563
32.2564,32.2564
32.257,32.257
32.2571,32.2571
32.2572,32.2572
32.25721,32.25721
32.25722,32.25722
32.25723,32.25723
32.25724,32.25724
32.261,32.261
32.262,32.262
32.263,32.263
32.264,32.264
32.265,32.265
32.266,32.266
32.267,32.267
32.268,32.268
32.269,32.269
32.26A,32.26A{32.26A}
32.26B,32.26B{32.26B}
32.26,32.26 Rétamaies thermoméditerranéennes
32.271,32.271
32.272,32.272
32.273,32.273
32.274,32.274 Landes à Ulex parviflorus franco ibériennes
32.275,32.275
32.276,32.276
32.27,32.27 Landes à ajoncs méditerranéens
32.28,32.28
32.281,32.281
32.282,32.282
32.283,32.283
32.284,32.284
32.285,32.285
32.2851,32.2851
32.2852,32.2852
32.2853,32.2853
32.286,32.286
32.29,32.29
32.291,32.291
32.292,32.292
32.2A,32.2A{32.2A}
32.2A1,32.2A1{32.2A1}
32.2A2,32.2A2{32.2A2}
32.2A3,32.2A3{32.2A3}
32.2A4,32.2A4{32.2A4}
32.2B,32.2B{32.2B}
32.2B1,32.2B1{32.2B1}
32.2B2,32.2B2{32.2B2}
32.2B3,32.2B3{32.2B3}
32.2B4,32.2B4{32.2B4}
32.2B5,32.2B5{32.2B5}
32.2C,32.2C{32.2C}
32.2C1,32.2C1{32.2C1}
32.2C2,32.2C2{32.2C2}
32.2,32.2 Formations arbustives thermo méditerranéennes
32.311,32.311 Maquis hauts de Méditerranée occidentale
32.312,32.312
32.313,32.313
32.31,32.31 Maquis hauts
32.32,32.32 Maquis bas à Ericacées
32.331,32.331
32.332,32.332 Maquis ibérien central à grand Ciste
32.333,32.333
32.334,32.334 Maquis tyrrhénéens hauts à Cistus
32.33,32.33 Maquis hauts à Cistus
32.341,32.341 Maquis à Cistus monspeliensis
32.342,32.342 Maquis à Cistus salviifolius
32.343,32.343 Maquis à Cistus populifolius
32.344,32.344 Maquis à Cistus laurifolius
32.345,32.345
32.346,32.346 Maquis à Cistus crispus
32.347,32.347 Maquis à Cistus creticus
32.348,32.348 Maquis à Cistus albidus
32.34,32.34 Maquis bas à Cistes (Cistus sp. pl.)
32.351,32.351 Maquis centraux méditerranéens à lavande
32.352,32.352
32.353,32.353
32.35,32.35 Maquis bas à Cistus Lavandula stoechas
32.36,32.36 Maquis bas épars
32.371,32.371
32.372,32.372
32.37,32.37 Maquis dominés par des genêts
32.3,32.3 Maquis silicicoles méso méditerranéens
32.41,32.41 Garrigues à chênes kermès
32.42,32.42 Garrigues à romarin
32.431,32.431 Garrigues à Cistus albidus
32.432,32.432
32.433,"32.433 Garrigues à C. monspeliensis, C. salviifolius, C. incanus"
32.43,32.43 Garrigues à cistes
32.441,32.441 Garrigues à euphorbe épineuse
32.442,32.442
32.44,32.44 Garrigues à euphorbes
32.45,32.45 Garrigues à genévrier oxycèdre
32.461,32.461 Stations à lavande
32.462,32.462 Garrigues mixtes à lavande
32.46,32.46 Garrigues à lavande
32.47,"32.47 Garrigues à thym, sauge, germandrée et autres labiées"
32.481,"32.481 Garrigues à Genista scorpius, G. hispanica"
32.482,32.482 Garrigues à Genista corsica
32.483,32.483
32.48,32.48 Garrigues à Genista
32.49,32.49 Garrigues à Calicotome
32.4A1,"32.4A1 Garrigues à Helichrysum, Santolina, Phagnalon{32.4A1}"
32.4A2,32.4A2 Garrigues à Artemisia{32.4A2}
32.4A3,32.4A3 Garrigues à Inule visqueuse{32.4A3}
32.4A4,32.4A4 Garrigues à Composées moyennes à grandes{32.4A4}
32.4A,32.4A Garrigues à Composées{32.4A}
32.4B,32.4B Garrigues à Erica{32.4B}
32.4C,32.4C Garrigues à Globularia{32.4C}
32.4D,32.4D Garrigues à Helianthemum et Fumana{32.4D}
32.4E,32.4E Garrigues à grémil{32.4E}
32.4F,32.4F Garrigues à Thymelaea{32.4F}
32.4,32.4 Garrigues calcicoles de l'étage méso méditerranéen occidental
32.4G,32.4G Garrigues à Bupleurum{32.4G}
32.4H,32.4H Garrigues à Ajonc{32.4H}
32.4I,32.4I Garrigues à Ononis fruticosa{32.4I}
32.4J,32.4J{32.4J}
32.4K,32.4K{32.4K}
32.51,32.51
32.52,32.52
32.53,32.53
32.531,32.531
32.532,32.532
32.533,32.533
32.534,32.534
32.54,32.54
32.541,32.541
32.542,32.542
32.55,32.55
32.56,32.56
32.57,32.57
32.571,32.571
32.572,32.572
32.573,32.573
32.574,32.574
32.58,32.58 Garrigues à épine du Christ
32.59,32.59
32.5A,32.5A{32.5A}
32.5B,32.5B{32.5B}
32.5C,32.5C{32.5C}
32.5D,32.5D{32.5D}
32.5E,32.5E{32.5E}
32.5F,32.5F{32.5F}
32.5G,32.5G{32.5G}
32.5,32.5 Garrigues orientales
32.5H,32.5H{32.5H}
32.61,32.61 Garrigues à Lavande vraie
32.62,32.62 Garrigues à Genista cinerea
32.63,32.63 Garrigues montagnardes à Thyms
32.64,32.64 Broussailles supra méditerranéennes à Buis
32.65,32.65
32.6,32.6 Garrigues supra méditerranéennes
32.7,32.7
32.8,32.8
32.81,32.81
32.811,32.811
32.812,32.812
32.813,32.813
32.814,32.814
32.815,32.815
32.816,32.816
32.82,32.82
32.821,32.821
32.822,32.822
32.823,32.823
32.83,32.83
32.84,32.84
32.85,32.85
32.86,32.86
32.87,32.87
32.9,"32.9 Champs d'Asphodèles, de Phlomis, de Chardons, de Ferula"
32.A,32.A Champs de Spartium junceum{32.A}
32,32 Fruticées sclérophylles
33.11,33.11 Phryganes de la Provence calcaire
33.12,33.12 Phryganes de la Provence cristalline
33.13,33.13 Phryganes du Cap Corse
33.14,33.14 Phryganes du détroit de Bonifacio
33.15,33.15
33.16,33.16
33.1,33.1 Phryganes ouest méditerranéennes des sommets de falaises
33.1X,33.1X Phryganes des Pyrénées Orientales{33.1X}
33.2,33.2
33.3,33.3
33.31,33.31
33.32,33.32
33.33,33.33
33.331,33.331
33.332,33.332
33.333,33.333
33.34,33.34
33.35,33.35
33.36,33.36
33.37,33.37
33.38,33.38
33.39,33.39
33.3A,33.3A{33.3A}
33.3B,33.3B{33.3B}
33.4,33.4
33.5,33.5
33.6,33.6
33.7,33.7
33.8,33.8
33.9,33.9 Phryganes cyrno sardes à Genista
33.A,33.A{33.A}
33,33 Phryganes
34.111,34.111 Pelouses à orpins
34.1121,34.1121 Communautés à Sempervivum tectorum
34.1122,34.1122
34.1123,34.1123
34.112,34.112 Formations à Joubarbes
34.113,34.113 Formations herbeuses sur débris rocheux
34.114,34.114 Communautés thérophytiques médio européennes sur débris rocheux
34.11,34.11 Pelouses médio européennes sur débris rocheux
34.12,34.12 Pelouses des sables calcaires
34.1,34.1 Pelouses pionnières médio européennes
34.21,34.21
34.22,34.22
34.221,34.221
34.222,34.222
34.223,34.223
34.23,34.23 Pelouses métallifères d'Europe centrale
34.2,34.2 Pelouses métallifères de basse altitude
34.311,34.311
34.3121,34.3121 Pelouses steppiques xérophiles de l'Europe centrale
34.3122,34.3122 Pelouses steppiques mésophiles de l'Europe centrale
34.3123,34.3123 Pelouses steppiques à brachypode penné de l'Europe centrale
34.312,34.312 Pelouses steppiques de l'Europe centrale
34.313,34.313
34.314,34.314 Pelouses arides des Alpes occidentales internes
34.31,34.31 Pelouses steppiques sub continentales
34.3211,34.3211
34.3212,34.3212
34.3213,34.3213
34.3214,34.3214
34.3215,34.3215
34.3216,34.3216
34.32161,34.32161
34.32162,34.32162
34.32163,34.32163
34.321,34.321 Pelouses calcicoles semi sèches nord occidentales
34.3221,34.3221 Mesobromion mosan
34.3222,34.3222 Mesobromion de la basse Meuse
34.3223,34.3223
34.3224,34.3224
34.3225,34.3225 Mesobromion crétacé du Bassin parisien
34.3226,34.3226 Mesobromion parisien tertiaire
34.3227,34.3227 Mesobromion du Bassin parisien jurassique
34.3228,34.3228 Mesobromion du Rhin moyen
34.3229,34.3229 Mesobromion du Rhin supérieur
34.322A,34.322A{34.322A}
34.322B,34.322B Mesobromion du Jura français{34.322B}
34.322C,34.322C{34.322C}
34.322D,34.322D{34.322D}
34.322E,34.322E Mesobromion des pré Alpes nord occidentales{34.322E}
34.322F,34.322F{34.322F}
34.322G,34.322G Mesobromion ligérien{34.322G}
34.322H,34.322H Mesobromion aquitain{34.322H}
34.322I,34.322I Mesobromion du Quercy{34.322I}
34.322J,34.322J Mesobromion des Pyrénées occidentales{34.322J}
34.322K,34.322K{34.322K}
34.322,34.322 Pelouses semi sèches médio européennes à Bromus erectus
34.323,34.323 Pelouses semi arides médio européennes dominées par Brachypodium
34.324,34.324 Pelouses alluviales et humides du Mesobromion
34.325,34.325 Pelouses semi sèches médio européennes dominées par Sesleria
34.3261,34.3261 Mesobromion pyrénéo catalan
34.3262,34.3262 Mesobromion des Corbières
34.3262o,{34.3262o}
34.3263,34.3263 Mesobromion des Causses
34.3264,34.3264 Mesobromion provençal
34.3265,34.3265 Mesobromion des Alpes sud occidentales
34.3266,34.3266
34.326,34.326 Mesobromion subméditerranéens
34.326X,{34.326X}
34.326Xo,{34.326Xo}
34.327,34.327
34.328,34.328
34.32,34.32 Pelouses calcaires sub atlantiques semi arides
34.331,34.331
34.3321,34.3321 Xerobromion mosan
34.3322,34.3322
34.3323,34.3323 Xerobromion du Bassin parisien crétacé
34.3324,34.3324 Xerobromion du Tertiaire parisien
34.3325,34.3325 Xerobromion du Bassin parisien jurassique
34.3326,34.3326 Xerobromion du Rhin moyen
34.3327,34.3327 Xerobromion du Rhin supérieur
34.3328,34.3328 Xerobromion du Jura français
34.3329,34.3329
34.332A,34.332A{34.332A}
34.332B,34.332B Xerobromion des Préalpes du nord ouest{34.332B}
34.332C,34.332C{34.332C}
34.332D,34.332D Xerobromion ligérien{34.332D}
34.332E,34.332E Xerobromion aquitanien{34.332E}
34.332F,34.332F Xerobromion du Quercy{34.332F}
34.332G,34.332G Xerobromion pyrénéen{34.332G}
34.332H,34.332H Xerobromion des Alpes sud occidentales{34.332H}
34.332I,34.332I{34.332I}
34.332,34.332 Pelouses médio européennes du Xerobromion
34.33,34.33 Prairies calcaires subatlantiques très sèches
34.341,34.341 Pelouses sur rochers calcaréo siliceux
34.342,34.342 Pelouses sur sables légèrement calcaires
34.34,34.34 Pelouses calcaréo siliceuses de l'Europe centrale
34.35,34.35 Pelouses à fétuque pâle
34.36,34.36 gazons à Brachypode de Phénicie
34.3,34.3 Pelouses pérennes denses et steppes médio européennes
34.41,34.41 Lisières xéro thermophiles
34.42,34.42 Lisières mésophiles
34.4,34.4 Lisières (ou ourlets) forestières thermophiles
34.511,34.511 Pelouses du Brachypodietum retusi
34.512,34.512 Steppe de la Crau
34.5131,34.5131 Communautés annuelles calciphiles de l'ouest méditerranéen
34.5132,34.5132
34.5133,34.5133
34.5134,34.5134
34.5135,34.5135
34.5136,34.5136
34.5137,34.5137
34.513,34.513 Communautés méditerranéennes annuelles sur sols superficiels
34.514,34.514 Arènes dolomitiques des Causses
34.51,34.51 Pelouses xériques de la Méditerranée occidentale
34.52,34.52 Pâtures pérennes du sud ouest méditerranéen
34.53,34.53
34.531,34.531
34.532,34.532
34.5,34.5 Pelouses méditerranéennes xériques
34.61,34.61
34.62,34.62
34.621,34.621
34.622,34.622
34.623,34.623
34.631,34.631
34.632,34.632 Steppes méditerranéennes à Stipa
34.633,34.633
34.634,34.634 Steppes à Andropogon
34.635,34.635
34.6351,34.6351
34.6352,34.6352
34.6353,34.6353
34.63,"34.63 Steppes à Stipa, Ampelodesmos, Andropogon, fétuque"
34.6,34.6 Steppes méditerranéennes à Graminées
34.7111,34.7111 Steppes à Stipa des Causses
34.7112,34.7112 Steppes à Stipa de haute Provence
34.711,34.711 Steppes méditerranéo montagnardes à Stipa
34.712,34.712 Pelouses méditerranéo montagnardes à Sesleria
34.7131,34.7131 Pelouses rases des Causses à Festuca
34.7132,34.7132 Pelouses rases des Causses à Carex Anthyllis
34.7133,34.7133 Steppes méditerranéo montagnardes franco ibériennes
34.713,34.713 Steppes méditerranéo montagnardes à Festuca Koeleria
34.714,34.714 Steppes méditerranéo montagnardes à Artemisia
34.71,34.71 Steppes méditerranéo montagnardes
34.721,34.721 Pelouses à Aphyllanthes
34.722,34.722
34.72,34.72 Steppes supra méditerranéennes et prairies à Aphyllanthes
34.73,34.73
34.74,34.74
34.741,34.741
34.742,34.742
34.743,34.743
34.744,34.744
34.75,34.75
34.7,34.7 Pelouses méditerranéo montagnardes
34.81,34.81 Groupements méditerranéens subnitrophiles de graminées
34.82,34.82
34.83,34.83
34.84,34.84
34.8,34.8 Pelouses méditerranéennes subnitrophiles
34,34 Pelouses calcicoles sèches et steppes
35.11,35.11 Gazons à Nard raide
35.12,35.12 Pelouses à Agrostis Festuca
35.13,35.13 Pelouses à canche flexueuse
35.14,35.14 Pelouses intraforestières à Calamagrostis epigejos
35.15,35.15 Pelouses à laîche des sables
35.1,35.1 Pelouses atlantiques à Nard raide et groupements apparentés
35.21,35.21 Prairies siliceuses à annuelles naines
35.22,35.22 Pelouses siliceuses ouvertes pérennes
35.23,35.23 Pelouses à Corynephorus
35.2,35.2 Pelouses siliceuses ouvertes médio européennes
35.3,35.3 Pelouses siliceuses méditerranéennes
35.4,35.4 Communautés annuelles méditerranéennes des sables profonds
35.5,35.5
35.6,35.6
35.71,35.71
35.72,35.72
35.73,35.73
35.7,35.7 Pelouses méditerranéo montagnardes
35,35 Pelouses silicicoles sèches
36.1111,36.1111 Communautés acidiphiles des combes à neige alpines à mousses
36.1112,36.1112 Communautés acidiphiles des combes à neige alpines à Saule nain
36.1113,36.1113 Communautés acidiphiles de combes à neige alpines à Carex Gnaphalium
36.111,36.111 Communautés acidiphiles des combes à neige alpines
36.112,36.112
36.1121,36.1121
36.1122,36.1122
36.1123,36.1123
36.1124,36.1124
36.1125,36.1125
36.11,36.11 Communautés des combes à neige acidiphiles
36.121,36.121 Communautés des combes à neige sur calcaires à Arabis Gnaphalium
36.122,"36.122 Communautés des combes à neige sur calcaires, à Saules en espaliers"
36.12,36.12 Communautés de combes à neige sur substrats calcaires
36.1,36.1 Communautés des combes à neige
36.2,36.2 Communautés des affleurements et rochers désagrégés alpins
36.311,36.311 Nardaies mésophiles pyrénéo alpines
36.312,36.312 Nardaies pyrénéo alpines hygrophiles
36.313,36.313 Pelouses pyrénéo alpines hygrophiles à Vulpins
36.314,36.314 Pelouses pyrénéennes fermées à Festuca eskia
36.315,36.315 Pelouses pyrénéennes à Poa violacea
36.3161,36.3161 Nardaies sommitales des Hautes Chaumes
36.3162,36.3162
36.3163,36.3163
36.3164,36.3164
36.316,36.316 Nardaies sommitales hercyniennes
36.31,36.31 Gazons à Nard raide et groupements apparentés
36.32,36.32
36.321,36.321
36.322,36.322
36.3221,36.3221
36.3222,36.3222
36.3223,36.3223
36.323,36.323
36.324,36.324
36.3311,36.3311 Pelouses xérophiles des versants rocailleux à Festuca paniculata
36.3312,36.3312 Pelouses mésophiles des sols profonds à Festuca paniculata
36.331,36.331 Pelouses à Festuca paniculata
36.332,36.332 Pelouses en gradins à Festuca eskia
36.333,36.333 Pelouses en gradins à Festuca varia
36.33,36.33 Pelouses siliceuses thermophiles subalpines
36.341,36.341 Pelouses à Carex curvula
36.342,36.342 Pelouses à Festuca halleri
36.343,36.343 Pelouses à Festuca airoides
36.344,36.344 Pelouses à Festuca borderei
36.345,36.345 Pelouses à Oreochloa disticha de l'Allgau
36.346,36.346
36.347,36.347
36.34,36.34 Pelouses à laîche courbée et communautés apparentées
36.35,36.35
36.351,36.351
36.352,36.352
36.353,36.353
36.354,36.354
36.36,36.36
36.361,36.361
36.3611,36.3611
36.3612,36.3612
36.3613,36.3613
36.3614,36.3614
36.3615,36.3615
36.3616,36.3616
36.3617,36.3617
36.3618,36.3618
36.3619,36.3619
36.362,36.362
36.3621,36.3621
36.3622,36.3622
36.371,"36.371 Pelouses écorchées en gradins, oro méditerranéennes de Corse"
36.372,36.372 Nardaies des pozzines corses
36.373,36.373 Pelouses alpines corses des adrets
36.374,36.374 Pelouses alpines des ubacs corses
36.37,36.37 Pelouses des hautes montagnes corses
36.38,36.38
36.381,36.381
36.382,36.382
36.3,36.3 Pelouses acidiphiles alpines et subalpines
36.4111,36.4111 Pelouses à laîche sempervirente des Alpes
36.4112,36.4112 Pelouses pyrénéennes à laîche sempervirente
36.411,36.411 Pelouses mésophiles à laîche sempervirente
36.412,36.412 Pelouses à laîche ferrugineuse septentrionales
36.413,36.413
36.4141,36.4141 Pelouses alpines à fétuque violette
36.4142,36.4142 Pelouses pyrénéennes à fétuque noircissante
36.4143,36.4143
36.414,36.414 Pelouses à fétuque violette et communautés apparentées
36.415,36.415
36.416,36.416 Pelouses sommitales du Jura
36.41,36.41 Pelouses à laîche ferrugineuse et communautés apparentées
36.421,36.421 Pelouses alpines à Elyna
36.422,36.422 Pelouses pyrénéennes à Elyna
36.423,36.423
36.424,36.424
36.42,36.42 Pelouses des crêtes à Elyna
36.4311,36.4311 Pelouses alpines à Seslérie et Laîche sempervirente
36.4312,36.4312 Pelouses à Seslérie et Laîche sempervirente du Jura
36.431,36.431 Versants à Seslérie et Laîches sempervirentes
36.432,36.432 Pelouses à Avoine et Seslérie des Alpes méridionales
36.433,36.433 Tapis de laîches en coussinets
36.434,36.434 Pelouses pyrénéennes à Festuca gautieri
36.435,36.435
36.436,36.436
36.437,36.437
36.43,36.43 Pelouses en gradins et en guirlandes
36.44,36.44
36.4,36.4 Pelouses calcicoles alpines et subalpines
36.51,36.51 Prairies subalpines à Trisetum flavescens
36.52,36.52 Pâturages à Liondent hispide
36.5,36.5 Prairies alpines et subalpines fertilisées
36,36 Pelouses alpines et subalpines
37.1,37.1 Communautés à Reine des prés et communautés associées
37.211,37.211 Prairies humides à cirse des maraîchers
37.212,37.212 Prairies humides à Trolle et Cirse des ruisseaux
37.213,37.213 Prairies à Canche cespiteuse
37.214,37.214 Prairies à Séneçon aquatique
37.215,37.215 Prairies à Renouée bistorte
37.216,37.216 Prairies à Jonc filiforme
37.217,37.217 Prairies à Jonc diffus
37.218,37.218 Prairies à Jonc subnoduleux
37.219,37.219 Prairies à Scirpe des bois
37.21,37.21 Prairies humides atlantiques et subatlantiques
37.22,37.22 Prairies à Jonc acutiflore
37.23,37.23 Prairies subcontinentales à Cnidium
37.241,37.241 Pâtures à grand jonc
37.242,37.242 Pelouses à Agrostide stolonifère et Fétuque faux roseau
37.24,37.24 Prairies à Agropyre et Rumex
37.25,37.25 Prairies humides de transition à hautes herbes
37.2,37.2 Prairies humides eutrophes
37.311,37.311 Prairies à Molinie sur calcaires
37.312,37.312 Prairies à Molinie acidiphiles
37.31,37.31 Prairies à Molinie et communautés associées
37.32,37.32 Prairies à Jonc rude et pelouses humides à Nard
37.3,37.3 Prairies humides oligotrophes
37.4,37.4 Prairies humides méditerranéennes à grandes herbes
37.5,37.5 Prairies humides méditerranéennes rases
37.6,37.6
37.61,37.61
37.62,37.62
37.711,37.711 Communautés fluviales à Angelica archangelica
37.712,37.712 Communautés fluviales à Angelica heterocarpa
37.713,37.713 Ourlets à Althaea officinalis
37.714,37.714 Communautés riveraines à Pétasites
37.715,37.715 Ourlets riverains mixtes
37.71,37.71 Voiles des cours d'eau
37.72,37.72 Franges des bords boisés ombragés
37.7,37.7 Lisières humides à grandes herbes
37.81,"37.81 Mégaphorbiaies des montagnes hercyniennes, du Jura et des Alpes"
37.82,37.82 Prairies subalpines à Calamagrostis arundinacea
37.83,37.83 Mégaphorbiaies pyrénéo ibériques
37.84,37.84
37.85,37.85 Mégaphorbiaies corses à Cymbalaria
37.86,37.86 Mégaphorbiaies corses à Doronicum
37.87,37.87
37.88,37.88 Communautés alpines à Patience alpine
37.8,37.8 Mégaphorbiaies alpines et subalpines
37,37 Prairies humides et mégaphorbiaies
38.111,38.111 Pâturages à Ray grass
38.112,38.112 Pâturages à Cynosurus Centaurea
38.11,38.11 Pâturages continus
38.12,38.12 Pâturages interrompus par des fossés
38.13,38.13 Pâturages abandonnés
38.1,38.1 Pâtures mésophiles
38.21,38.21 Prairies de fauche atlantiques
38.22B,38.22B Prairies de fauche des plaines (sous type méditerranéen){38.22B}
38.22,38.22 Prairies de fauche des plaines médio européennes
38.23,38.23 Prairies de fauche submontagnardes médio européennes
38.2,38.2 Prairies de fauche de basse altitude
38.3,38.3 Prairies de fauche de montagne
38.4,38.4
38.41,38.41
38.42,38.42
38.43,38.43
38.5,38.5
38,38 Prairies mésophiles
3,"3 Landes, fruticées, pelouses et prairies"
41.111,41.111 Hêtraies collinéennes à Luzule
41.1121,41.1121
41.1122,41.1122 Hêtraies montagnardes semi naturelles à Luzule françaises
41.112,41.112 Hêtraies montagnardes à Luzule
41.11,41.11 Hêtraies acidiphiles médio européennes à Luzule blanchâtre du Luzulo Fagenion
41.121,41.121 Hêtraies acidiphiles de la mer du Nord
41.122,41.122 Hêtraies acidiphiles sub atlantiques
41.122X,{41.122X}
41.123,41.123 Hêtraies acidiphiles armoricaines
41.124,41.124 Hêtraies acidiphiles pyrénéo cantabriques
41.125,41.125
41.126,41.126
41.127,41.127 Hêtraies acidiphiles ibériques humides
41.128,41.128 Hêtraies acidiphiles ibériques hyper humides
41.129,41.129
41.12,41.12 Hêtraies atlantiques acidiphiles
41.1311,41.1311 Hêtraies calciclines à Mélique
41.1312,41.1312 Hêtraies neutroclines à Mélique
41.131,41.131 Hêtraies à Mélique
41.1321,41.1321 Hêtraies calciclines à Jacinthe des bois
41.1322,41.1322 Hêtraies neutroclines à Jacinthe des bois
41.132,41.132 Hêtraies à Jacinthe des bois
41.133,41.133 Hêtraies à Dentaires
41.13,41.13 Hêtraies neutrophiles
41.141,41.141 Hêtraies pyrénéennes hygrophiles
41.142,41.142 Hêtraies pyrénéennes mésophiles
41.143,41.143 Hêtraies oro cantabriques sub humides
41.144,41.144 Hêtraies sapinières humides du Massif central
41.14,41.14 Hêtraies neutrophiles pyrénéo cantabriques
41.15,41.15 Hêtraies subalpines
41.161,41.161 Hêtraie à laîches
41.162,41.162 Hêtraies xérophiles nord ouest ibériques
41.16,41.16 Hêtraies sur calcaire
41.16X,{41.16X}
41.171,41.171 Hêtraies acidiphiles des Alpes méridionales et des Apennins
41.172,41.172 Hêtraies acidiphiles des Pyrénées orientales et des Cévennes
41.173,41.173 Hêtraies corses
41.1741,41.1741 Hêtraies neutrophiles des Alpes sud occidentales
41.1742,41.1742 Hêtraies neutrophiles des Alpes maritimes
41.1743,41.1743
41.1744,41.1744
41.174,41.174 Hêtraies neutrophiles des Alpes méridionales et des Apennins
41.1751,41.1751 Hêtraies à Buis
41.1752,41.1752 Hêtraies à Androsace
41.1753,41.1753 Hêtraies à Lavande
41.1754,41.1754 Hêtraies de la Sainte Baume
41.175,41.175 Hêtraies calcicoles sub méditerranéennes
41.176,41.176
41.17,41.17 Hêtraies médio européennes méridionales
41.18,41.18
41.181,41.181
41.182,41.182
41.183,41.183
41.184,41.184
41.185,41.185
41.186,41.186
41.187,41.187
41.19,41.19
41.1A,41.1A{41.1A}
41.1B,41.1B{41.1B}
41.1,41.1 Hêtraies
41.21,41.21 Chênaies atlantiques mixtes à Jacinthes des bois
41.22,41.22 Frênaies chênaies et chênaies charmaies aquitaniennes
41.231,41.231 Frênaies chênaies à Arum
41.232,41.232 Frênaies chênaies à Corydale
41.233,41.233 Frênaies chênaies à Ail
41.23,41.23 Frênaies chênaies sub atlantiques à primevère
41.241,41.241 Chênaies charmaies du Nord Ouest
41.242,41.242 Chênaies charmaies de Lorraine sur marnes
41.243,41.243 Chênaies charmaies collinéennes du Bourgogne
41.244,41.244 Chênaies charmaies des plaines du Bourgogne
41.24,41.24 Chênaies charmaies à Stellaire sub atlantiques
41.25,41.25 Chênaies charmaies faméniennes
41.261,41.261 Chênaies charmaies à Gaillet des bois
41.262,41.262 Forêts mixtes de Tilleuls de Chênes et de Charmes
41.26,41.26 Chênaies charmaies orientales
41.271,41.271 Chênaies charmaies xérophiles sur calcaire
41.272,41.272 Chênaies charmaies xérophiles sur schistes
41.273,41.273 Chênaies charmaies calciphiles
41.27,41.27 Chênaies charmaies et frênaies charmaies calciphiles
41.28,41.28 Chênaies charmaies sud alpines
41.29,41.29 Chênaies frênaies pyrénéo cantabriques
41.2,41.2 Chênaies charmaies
41.31,41.31
41.32,41.32
41.33,41.33 Forêt de frênes pyrénéo cantabriques
41.34,41.34
41.35,41.35 Frênaies mixtes atlantiques à jacinthe
41.36,41.36 Frênaies d'Aquitaine
41.37,41.37 Frênaies sub atlantiques
41.38,41.38 Frênaies calciphiles lutétiennes
41.39,41.39 Bois de frênes post culturaux
41.3,41.3 Frênaies
41.41,41.41 Forêts de ravin à Frêne et Sycomore
41.42,41.42 Forêts de pente hercyniennes
41.43,41.43 Forêts de pente alpiennes et péri alpiennes
41.44,41.44 Forêts mixtes pyrénéo cantabriques de Chênes et d'Ormes
41.45,41.45 Forêts thermophiles alpiennes et péri alpiennes mixtes de Tilleuls
41.46,41.46
41.4,41.4 Forêts mixtes de pentes et ravins
41.51,41.51 Bois de Chênes pédonculés et de Bouleaux
41.521,41.521 Forêts de Chênes sessiles du nord ouest
41.522,41.522 Forêts armoricaine de Chênes sessiles
41.523,41.523 Forêts sur dune
41.524,41.524
41.525,41.525
41.52,41.52 Chênaies acidiphiles atlantiques à Hêtres
41.531,41.531
41.532,41.532
41.5321,41.5321
41.5322,41.5322
41.53,41.53 Forêts de Chênes sessiles britanniques et irlandaises
41.54,41.54 Chênaies aquitano ligériennes sur podzols
41.55,41.55 Chênaies aquitano ligériennes sur sols lessivés ou acides
41.5611,41.5611 Chênaies acidiphiles pyrénéennes mésophiles
41.5612,41.5612 Chênaies acidiphiles pyrénéennes hygrophiles
41.561,41.561 Chênaies acidiphiles pyrénéennes
41.562,41.562
41.5621,41.5621
41.5622,41.5622
41.5623,41.5623
41.563,41.563
41.5631,41.5631
41.5632,41.5632
41.564,41.564
41.56,41.56 Chênaies acidiphiles ibéro atlantiques
41.571,41.571 Chênaies à Luzule des bois
41.572,41.572 Chênaies acidiphiles xéro thermophiles
41.57,41.57 Chênaies acidiphiles médio européennes
41.58,41.58
41.59,41.59
41.5A,41.5A{41.5A}
41.5,41.5 Chênaies acidiphiles
41.61,41.61
41.611,41.611
41.6111,41.6111
41.6112,41.6112
41.612,41.612
41.6121,41.6121
41.6122,41.6122
41.613,41.613
41.6131,41.6131
41.6132,41.6132
41.62,41.62
41.63,41.63
41.64,41.64
41.65,41.65 Forêts françaises de Quercus pyrenaica
41.6,41.6 Forêts de Chêne tauzin
41.711,41.711 Bois occidentaux de Quercus pubescens
41.712,41.712 Bois sub méditerranéens de Quercus petraea Q. robur
41.713,41.713 Bois de Quercus palensis
41.714,41.714 Bois de Chênes blancs eu méditerranéens
41.71,41.71 Chênaies blanches occidentales et communautés apparentées
41.72,41.72 Chênaies pubescentes cyrno sardes
41.731,41.731 Chênaies pubescentes d'Italie septentrionale
41.732,41.732
41.733,41.733
41.734,41.734
41.735,41.735
41.73,41.73 Chênaies pubescentes orientales
41.74,41.74
41.75,41.75
41.751,41.751
41.7511,41.7511
41.7512,41.7512
41.7513,41.7513
41.752,41.752
41.7521,41.7521
41.7522,41.7522
41.76,41.76
41.761,41.761
41.762,41.762
41.763,41.763
41.764,41.764
41.765,41.765
41.766,41.766
41.767,41.767
41.77,41.77
41.771,41.771
41.7711,41.7711
41.7712,41.7712
41.7713,41.7713
41.7714,41.7714
41.7715,41.7715
41.772,41.772
41.773,41.773
41.774,41.774
41.775,41.775
41.78,41.78
41.781,41.781
41.782,41.782
41.79,41.79
41.791,41.791
41.792,41.792
41.7,41.7 Chênaies thermophiles et supra méditerranéennes
41.811,41.811 Bois de Charmes houblon méso méditerranéens
41.812,41.812 Bois de Charmes houblon supra méditerranéens
41.813,41.813 Bois de Charmes houblon montagnards
41.81,41.81 Bois de Charmes houblon
41.82,41.82
41.83,41.83
41.831,41.831
41.832,41.832
41.84,41.84 Bois de Tilleuls méditerranéens
41.85,41.85 Micocoulaies
41.861,41.861
41.862,41.862
41.863,41.863
41.86,41.86 Bois de Frênes thermophiles
41.87,41.87
41.8,"41.8 Forêts de Charmes houblon, de Charmes orientaux et thermophiles mixtes"
41.9,41.9 Bois de Châtaigniers
41.A,41.A Bois de Charmes{41.A}
41.B111,41.B111 Bois de Bouleaux humides septentrionaux{41.B111}
41.B112,41.B112 Bois de Bouleaux humides aquitano ligériens{41.B112}
41.B11,41.B11 Bois de Bouleaux humides{41.B11}
41.B12,41.B12 Bois de Bouleaux secs acidiphiles médio européens{41.B12}
41.B13,41.B13{41.B13}
41.B14,41.B14{41.B14}
41.B15,41.B15{41.B15}
41.B16,41.B16 Bois de Bouleaux de dunes{41.B16}
41.B1,41.B1 Bois de bouleaux de plaine et colline{41.B1}
41.B2,41.B2{41.B2}
41.B31,41.B31 Bois de Bouleaux en limite forestière dans les Alpes{41.B31}
41.B32,41.B32 Massifs forestiers de Bouleaux{41.B32}
41.B33,41.B33 Bois de Bouleaux pyrénéens{41.B33}
41.B34,41.B34{41.B34}
41.B35,41.B35{41.B35}
41.B3,41.B3 Bois de Bouleaux montagnards et subalpins{41.B3}
41.B4,41.B4 Bois de Bouleaux corses{41.B4}
41.B5,41.B5{41.B5}
41.B51,41.B51{41.B51}
41.B52,41.B52{41.B52}
41.B53,41.B53{41.B53}
41.B6,41.B6{41.B6}
41.B,41.B Bois de Bouleaux{41.B}
41.C1,41.C1 Bois d'Alnus cordata{41.C1}
41.C2,41.C2 Bois d'Alnus glutinosa{41.C2}
41.C,41.C Aulnaies{41.C}
41.D1,41.D1 Bois de Trembles intra alpins{41.D1}
41.D2,41.D2 Bois de Trembles de plaine{41.D2}
41.D3,41.D3 Stations de Trembles montagnardes{41.D3}
41.D4,41.D4 Stations de Trembles supra méditerranéennes{41.D4}
41.D,41.D Bois de Trembles{41.D}
41.E,41.E Bois de Sorbiers sauvages{41.E}
41.F11,41.F11 Bois d'Ormes à Violette odorante{41.F11}
41.F12,41.F12 Bois d'Ormes thermo atlantiques{41.F12}
41.F13,41.F13{41.F13}
41.F1,41.F1 Bois d'Ormes à petites feuilles{41.F1}
41.F2,41.F2 Bois d'Ormes blancs et d'Ormes diffus{41.F2}
41.F,41.F Bois d'Ormes{41.F}
41,41 Forêts caducifoliées
41.G,41.G Bois de Tilleuls{41.G}
41.H,41.H Autres bois caducifoliés{41.H}
42.1111,42.1111 Sapinières à Oxalis
42.1112,42.1112 Sapinières à hautes herbes
42.1113,42.1113 Sapinières à Trochiscanthes
42.111,42.111 Sapinières neutrophiles intra alpines
42.112,42.112 Sapinières neutrophiles de la zone du Hêtre
42.113,42.113 Sapinières intra pyrénéennes
42.11,42.11 Sapinières neutrophiles
42.121,42.121 Sapinières calcicoles intra alpines
42.122,42.122 Sapinières calcicoles de la zone du Hêtre
42.123,42.123
42.12,42.12 Sapinières calciphiles
42.131,42.131 Sapinières acidiphiles intra alpines
42.132,42.132 Sapinières acidiphiles de la zone du Hêtre
42.1331,42.1331 Sapinières pyrénéennes à Rhododendron
42.1332,42.1332 Sapinières alpiennes à Rhododendron
42.1333,42.1333 Sapinières à Rhododendron sur rocailles
42.133,42.133 Sapinières à Rhododendron
42.13,42.13 Sapinières acidiphiles
42.14,42.14 Sapinières corses
42.15,42.15
42.16,42.16
42.17,42.17
42.18,42.18
42.19,42.19
42.191,42.191
42.192,42.192
42.1A,42.1A{42.1A}
42.1B1,42.1B1 Reboisement en Abies alba{42.1B1}
42.1B2,42.1B2{42.1B2}
42.1B3,42.1B3 Reboisement en Abies cephalonica{42.1B3}
42.1B4,42.1B4{42.1B4}
42.1B5,42.1B5{42.1B5}
42.1B,42.1B Reboisement en Sapins{42.1B}
42.1,42.1 Sapinières
42.211,42.211 Pessières à Airelle
42.2121,42.2121 Pessières subalpines calcicoles à hautes herbes
42.2122,42.2122 Pessières subalpines silicicoles à hautes herbes
42.212,42.212 Pessières subalpines à hautes herbes
42.213,42.213 Pessières subalpines à sphaignes
42.214,42.214 Pessières subalpines xérophiles
42.215,42.215 Pessières de stations froides
42.21,42.21 Pessières sub alpines des Alpes
42.221,42.221 Pessières montagnardes intra alpines acidiphiles
42.222,42.222 Pessières montagnardes intra alpines calciphiles
42.223,42.223 Pessières montagnardes intra alpines xérophiles
42.224,42.224 Pessières montagnardes intra alpines à hautes herbes
42.225,42.225 Pessières montagnardes intra alpines à Sphaignes
42.22,42.22 Pessières montagnardes des Alpes internes
42.231,42.231
42.232,42.232 Pessières subalpines du Harz et de l'Erzgebirge
42.23,42.23 Forêts subalpines hercyniennes
42.24,42.24
42.241,42.241
42.242,42.242
42.251,42.251 Pessières subalpines du Jura
42.252,42.252
42.253,42.253 Pessières montagnardes à déterminisme édaphique
42.254,42.254 Pessières de la zone montagnarde du Hêtre
42.25,42.25 Pessières extrazonales
42.26,42.26 Reboisement d'Epicéas
42.2,42.2 Pessières
42.311,42.311 Forêts d'Arolles à Myrtille
42.312,42.312 Forêts d'Arolles à Luzules
42.313,42.313 Forêts de Mélèzes et d'Arolles à Rhododendron ferrugineux
42.314,42.314 Forêts de Mélèzes et d'Arolles à Calamagrostis
42.315,42.315 Forêts de Mélèze et d'Arolles à Pin mugo
42.316,42.316 Forêts de Mélèzes et d'Arolles avec Genévriers nains
42.317,42.317 Forêts de Mélèzes et d'Arolles à Aulnes verts et hautes herbes
42.318,42.318 Forêts de Mélèzes et d'Arolles à Lichens
42.319,42.319 Forêts d'Arolles à Sphaignes
42.31,42.31 Forêts siliceuses orientales à Mélèze et Arolle
42.32111,42.32111 Forêts de Mélèzes et d'Arolles à Pin mugo et Rhododendron cilié
42.32112,42.32112 Forêts de Mélèzes et d'Arolles à Aulne vert et Rhododendron cilié
42.32113,42.32113 Autres forêts de Mélèzes et d'Arolles à Rhododendron cilié
42.3211,42.3211 Forêts de Mélèzes et d'Arolles à Rhododendron cilié
42.3212,42.3212 Forêts d'Arolles à Rhododendron cilié
42.321,42.321 Forêts d'Arolles et de Mélèzes et d'Arolles à Rhododendron cilié
42.3221,42.3221 Forêts calcicoles de Mélèzes à Rhododendron
42.3222,42.3222 Forêts de Mélèzes calcicoles sur prairies
42.3223,42.3223 Forêts de Mélèzes calcicoles sur éboulis
42.3224,42.3224 Forêts calcicoles de Mélèzes et d'Epicéas sur pente abrupte
42.322,42.322 Forêts de Mélèzes sur calcaires
42.32,"42.32 Forêts orientales, calcicoles de Mélèzes et d'Arolles"
42.3311,42.3311 Forêts occidentales de Mélèzes et de Mélèzes et de Pins de montagne sur landes
42.3312,42.3312 Forêts occidentales de Mélèzes et de Mélèzes et de Pins de montagne sur prairies
42.3313,42.3313 Forêts occidentales de Mélèzes et de Mélèzes et de Pins de montagne sur hautes herbes
42.331,42.331 Forêts occidentales de Mélèzes et de Mélèzes et de Pins de montagne
42.3321,42.3321 Forêts occidentales d'Arolles sur silice
42.3322,42.3322 Forêts occidentales d'Arolles à Genévriers nains
42.3323,42.3323 Forêts occidentales calcicoles d'Arolles
42.332,42.332 Forêts occidentales d'Arolles
42.33,"42.33 Forêts occidentales de Mélèzes, de Pins de montagne et d'Arolles"
42.34,42.34 Formations secondaire de Mélèzes
42.3,42.3 Forêts de Mélèzes et d'Arolles
42.411,42.411 Forêts de Pins de montagne à Rhododendron des Alpes externes
42.412,42.412 Forêts de Pins de montagne à Rhododendron du Jura
42.413,42.413 Forêts pyrénéennes de Pins de montagne à Rhododendron
42.41,42.41 Forêts de Pins de montagne à Rhododendron ferrugineux
42.4211,42.4211 Forêts de Pins de montagne à laîche humble
42.4212,42.4212 Forêts de Pins de montagne à Erica herbacea
42.4213,42.4213 Forêts de Pins de montagne à Silène rupestre
42.4214,42.4214 Forêts de Pins de montagne sur amphilobites
42.42151,42.42151 Forêts de Pins de montagne à Ononis d'adret
42.42152,42.42152 Forêts de Pins de montagne à Ononis d'ubac
42.4215,42.4215 Forêts de Pins de montagne à Ononis
42.421,42.421 Forêts de Pins de montagne des Alpes internes
42.4221,42.4221 Forêts externes xérophiles de Pins de montagne
42.4222,42.4222 Forêts de Pins de montagne à Vaccinium
42.4223,42.4223 Forêts abyssales de Pins de montagne
42.422,42.422 Forêts externes de Pins de montagne à Raisin d'Ours et Genévriers
42.423,42.423 Forêts de Pins de montagne du Ventoux
42.4241,42.4241 Forêts de Pins de montagne à Véronique
42.4242,42.4242 Forêts pyrénéennes de Pins de montagne à Raisin d'Ours
42.424,42.424 Forêts de Pins de montagne des soulanes pyrénéennes
42.425,42.425 Forêts de Pins de montagne à Pulsatille
42.426,42.426
42.4261,42.4261
42.4262,42.4262
42.42,42.42 Forêts de Pins de montagne xéroclines
42.43,42.43 Reboisement de Pins de montagne
42.4,42.4 Forêts de Pins de montagne
42.51,42.51
42.511,42.511
42.512,42.512
42.513,42.513
42.514,42.514
42.515,42.515
42.5211,42.5211
42.5212,42.5212 Forêts de Pins sylvestres des plaines occidentales
42.521,42.521 Forêts subcontinentales de Pins sylvestres
42.5221,42.5221
42.5222,42.5222
42.5223,42.5223 Forêts de Pins sylvestres des Vosges
42.5224,42.5224 Pinèdes de pin sylvestre des grès de Luxembourg
42.522,42.522 Forêts hercyniennes de Pins sylvestres
42.523,42.523
42.52,42.52 Forêts de Pins sylvestres médio européennes
42.53,42.53 Forêts steppiques intra alpines à Ononis
42.54,42.54 Forêts de Pins sylvestre à Erica herbacea
42.55,42.55 Forêts steppiques intra alpines à Minuartia
42.561,42.561 Forêts mésophiles calcicoles pyrénéennes de Pins sylvestres
42.562,42.562 Forêts mésophiles acidiphiles pyrénéennes de Pins sylvestres
42.56,42.56 Forêts mésophiles pyrénéennes de Pins sylvestres
42.57,42.57 Forêts de Pins sylvestres du Massif central
42.58,42.58 Forêts mésophiles de Pins sylvestres des Alpes sud occidentales
42.591,42.591 Forêts péri alpines à Buis de Pins sylvestres
42.592,42.592 Forêts pré pyrénéennes à Buis de Pins sylvestres
42.593,42.593
42.59,42.59 Forêts supra méditerranéennes de Pins sylvestres
42.5A1,42.5A1 Forêts pyrénéennes de Pins sylvestres à sous bois de lande hérisson{42.5A1}
42.5A2,42.5A2{42.5A2}
42.5A21,42.5A21{42.5A21}
42.5A22,42.5A22{42.5A22}
42.5A,42.5A Forêts ibériques de Pins sylvestres sur calcaires{42.5A}
42.5B1,42.5B1 Forêts pyrénéennes xérophiles de Pins sylvestres{42.5B1}
42.5B2,42.5B2{42.5B2}
42.5B21,42.5B21{42.5B21}
42.5B22,42.5B22{42.5B22}
42.5B3,42.5B3{42.5B3}
42.5B31,42.5B31{42.5B31}
42.5B32,42.5B32{42.5B32}
42.5B4,42.5B4{42.5B4}
42.5B,42.5B Forêts ibériques silicoles de Pins sylvestres{42.5B}
42.5C,42.5C{42.5C}
42.5D,42.5D{42.5D}
42.5E,42.5E Reboisement de Pins sylvestres{42.5E}
42.5,42.5 Forêts de Pins sylvestres
42.61,42.61
42.611,42.611
42.612,42.612
42.62,42.62
42.631,42.631 Forêts de Pins de Salzmann des Causses
42.632,42.632 Forêts pré pyrénéennes de Pins de Salzmann
42.633,42.633
42.634,42.634
42.635,42.635
42.636,42.636
42.6361,42.6361
42.6362,42.6362
42.63,42.63 Forêts de Pins de Salzmann
42.641,42.641 Forêts denses montagnardes de Pin laricio
42.642,42.642 Forêts ouvertes montagnardes de Pins laricio
42.643,42.643 Forêts de Pins laricio supra méditerranéennes
42.64,42.64 Forêts corses de Pins laricio
42.65,42.65
42.651,42.651
42.652,42.652
42.66,42.66
42.67,42.67 Reboisement en Pins noirs
42.6,42.6 Forêts de Pins noirs
42.7,42.7
42.71,42.71
42.711,42.711
42.712,42.712
42.713,42.713
42.72,42.72
42.811,42.811 Forêts de Pins et de Chênes verts des Charentes
42.812,42.812 Forêts de Pins et de Chênes lièges aquitaniennes
42.813,42.813 Plantations de Pins maritimes des Landes
42.814,42.814
42.81,42.81 Forêts de Pins maritimes
42.821,42.821
42.8211,42.8211
42.8212,42.8212
42.8213,42.8213
42.82131,42.82131
42.82132,42.82132
42.8214,42.8214
42.8215,42.8215
42.82151,42.82151
42.82152,42.82152
42.82153,42.82153
42.82154,42.82154
42.82155,42.82155
42.8216,42.8216
42.8217,42.8217
42.822,42.822 Pinèdes de Pin mésogéen des Corbières
42.823,42.823 Forêts de Pins mésogéens franco italiennes
42.824,42.824 Forêts corses de Pins mésogéens
42.825,42.825
42.826,42.826
42.8261,42.8261
42.8262,42.8262
42.82,42.82 Forêts de Pins mésogéens
42.831,42.831
42.8311,42.8311
42.8312,42.8312
42.8313,42.8313
42.8314,42.8314
42.8315,42.8315
42.8316,42.8316
42.8317,42.8317
42.832,42.832
42.8331,42.8331 Forêts provençales côtières de Pins parasols
42.8332,42.8332 Forêts provençales permiennes de Pins parasols
42.833,42.833 Bois provençaux de Pins parasols
42.834,42.834 Bois de Pins parasols corses
42.835,42.835
42.8351,42.8351
42.8352,42.8352
42.836,42.836
42.837,42.837
42.838,42.838
42.83,42.83 Forêts de Pins parasols
42.841,42.841
42.842,42.842
42.843,42.843 Forêts de Pins d'Alep provenço liguriennes
42.844,42.844 Bois de Pins d'Alep corses
42.845,42.845
42.846,42.846
42.8461,42.8461
42.8462,42.8462
42.8463,42.8463
42.8464,42.8464
42.847,42.847
42.8471,42.8471
42.8472,42.8472
42.8473,42.8473
42.8474,42.8474
42.848,42.848
42.84,42.84 Forêts de Pins d'Alep
42.85,42.85
42.851,42.851
42.8511,42.8511
42.8512,42.8512
42.8513,42.8513
42.852,42.852
42.8521,42.8521
42.8522,42.8522
42.8523,42.8523
42.853,42.853
42.8531,42.8531
42.8532,42.8532
42.854,42.854
42.855,42.855
42.8551,42.8551
42.8552,42.8552
42.8553,42.8553
42.856,42.856
42.857,42.857
42.858,42.858
42.859,42.859
42.8,42.8 Bois de Pins méditerranéens
42.9,42.9
42.91,42.91
42.911,42.911
42.912,42.912
42.913,42.913
42.914,42.914
42.92,42.92
42.921,42.921
42.922,42.922
42.923,42.923
42.924,42.924
42.93,42.93
42.931,42.931
42.932,42.932
42.933,42.933
42.934,42.934
42.94,42.94
42.941,42.941
42.942,42.942
42.95,42.95
42.951,42.951
42.952,42.952
42.A1,42.A1{42.A1}
42.A11,42.A11{42.A11}
42.A12,42.A12{42.A12}
42.A13,42.A13{42.A13}
42.A14,42.A14{42.A14}
42.A15,42.A15{42.A15}
42.A21,42.A21{42.A21}
42.A22,42.A22{42.A22}
42.A221,42.A221{42.A221}
42.A222,42.A222{42.A222}
42.A23,42.A23{42.A23}
42.A24,42.A24{42.A24}
42.A25,42.A25{42.A25}
42.A26,42.A26{42.A26}
42.A27,42.A27 Bois pyrénéens de Genévriers thurifères{42.A27}
42.A28,42.A28 Bois sud alpiens de Genévriers thurifères{42.A28}
42.A29,42.A29 Bois de Genévriers thurifères de l'Isère{42.A29}
42.A2A,42.A2A Bois de Génevriers thurifères corses{42.A2A}
42.A2,42.A2 Forêts de Juniperus thurifera{42.A2}
42.A3,42.A3{42.A3}
42.A4,42.A4{42.A4}
42.A5,42.A5{42.A5}
42.A6,42.A6{42.A6}
42.A71,42.A71{42.A71}
42.A72,42.A72 Forêts d'Ifs corses{42.A72}
42.A73,42.A73{42.A73}
42.A74,42.A74{42.A74}
42.A75,42.A75{42.A75}
42.A76,42.A76 Forêts d'Ifs provençales{42.A76}
42.A7,42.A7 Forêts d'Ifs{42.A7}
42.A8,42.A8{42.A8}
42.A81,42.A81{42.A81}
42.A82,42.A82{42.A82}
42.A83,42.A83{42.A83}
42.A9,42.A9 Bois de Genévriers oxycèdres{42.A9}
42.AA,42.AA Bois de Genévriers de Phénicie{42.AA}
42.A,"42.A Forêts dominées par les Cyprès, les Genévriers et les Ifs{42.A}"
42,42 Forêts de conifères
43.1,43.1 Hêtraies mixtes
43.2,43.2 Chênaies charmaies mixtes
43.5,43.5 Chênaies acidiphiles mixtes
43.7,43.7 Chênaies mixtes thermophiles et supra méditerranéennes
43.9,43.9 Forêts mixtes de châtaigniers
43.A,43.A Charmaies mixtes{43.A}
43.B,43.B Boulaies mixtes{43.B}
43,43 Forêts mixtes
43.H,43.H Autres forêts mixtes{43.H}
44.111,44.111 Saussaies à Myricaria
44.112,44.112 Saussaies à Argousier
44.11,44.11 Saussaies pré alpines
44.121,44.121 Saussaies à Osier et Salix triandra
44.122,44.122 Saussaies à Saule pourpre méditerranéennes
44.123,44.123
44.124,44.124
44.125,44.125
44.126,44.126
44.127,44.127
44.1271,44.1271
44.1272,44.1272
44.1273,44.1273
44.1274,44.1274
44.12,"44.12 Saussaies de plaine, collinéennes et méditerranéo montagnardes"
44.13,44.13 Forêts galeries de Saules blancs
44.1411,44.1411 Galeries ibériques de grands Saules
44.1412,44.1412 Galeries de Salix alba méditerranéennes
44.141,44.141 Galeries méditerranéennes de Saules blancs
44.1421,44.1421
44.1422,44.1422
44.1423,44.1423
44.1424,44.1424
44.142,44.142 Bois riverains de Saules à feuilles d'Olivier et de Saules cendrés
44.14,44.14 Galeries méditerranéennes de grands Saules
44.15,44.15
44.1,44.1 Formations riveraines de Saules
44.21,44.21 Galeries montagnardes d'Aulnes blancs
44.22,44.22 Galeries sub montagnardes d'Aulnes blancs
44.2,44.2 Galeries d'Aulnes blancs
44.311,44.311 Forêts de Frênes et d'Aulnes à Laîches
44.312,44.312 Forêts de Frênes et d'Aulnes fontinales
44.313,44.313 Forêts de Frênes et d'Aulnes à Cirse des maraîchers
44.314,44.314 Forêts de Frênes et d'Aulnes des bords de sources à groseillers
44.315,44.315 Forêts de Frênes et d'Aulnes à grande Prêle
44.31,44.31 Forêts de Frênes et d'Aulnes des ruisselets et des sources (rivulaires)
44.32,44.32 Bois de Frênes et d'Aulnes des rivières à débit rapide
44.331,44.331 Bois de Frênes et d'Aulnes des rivières médio européennes à eaux lentes à cerisiers à grappes
44.332,44.332 Bois de Frênes et d'Aulnes à hautes herbes
44.33,44.33 Bois de Frênes et d'Aulnes des rivières à eaux lentes
44.341,44.341
44.3411,44.3411
44.3412,44.3412
44.342,44.342 Galeries d'Aulnes pyrénéo cantabriques
44.343,44.343 Galeries d'Aulnes pyrénéo catalanes
44.34,44.34 Galeries d'Aulnes nord ibériques
44.3,44.3 Forêt de Frênes et d'Aulnes des fleuves médio européens
44.3X,{44.3X}
44.41,44.41 Grandes forêts fluviales médio européennes
44.42,44.42 Forêts fluviales médio européennes résiduelles
44.43,44.43
44.431,44.431
44.432,44.432
44.44,44.44
44.4,"44.4 Forêts mixtes de Chênes, d'Ormes et de Frênes des grands fleuves"
44.511,44.511
44.512,44.512
44.513,44.513 Galeries d'Aulnes méditerranéennes occidentales
44.514,44.514
44.51,44.51 Galeries méridionales d'Aulnes glutineux
44.52,44.52
44.531,44.531 Galeries d'Aulnes collinéennes corses
44.532,44.532 Galeries d'Aulnes montagnardes corses
44.53,44.53 Galeries corses d'Aulnes glutineux et d'Aulnes à feuilles cordées
44.54,44.54
44.5,44.5 Galeries méridionales d'Aulnes et de Bouleaux
44.611,44.611
44.612,44.612 Galeries de Peupliers provenço languedociennes
44.613,44.613 Galeries de Peupliers cyrno sardes
44.614,44.614
44.615,44.615
44.6151,44.6151
44.6152,44.6152
44.6153,44.6153
44.6154,44.6154
44.61,44.61 Forêts de Peupliers riveraines et méditerranéennes
44.62,44.62 Forêts d'Ormes riveraines et méditerranéennes
44.631,44.631
44.632,44.632
44.633,44.633
44.634,44.634 Galeries de Frênes et d'Aulnes tyrrhéniennes
44.635,44.635
44.636,44.636
44.63,44.63 Bois de Frênes riverains et méditerranéens
44.63X,{44.63X}
44.64,44.64 Galeries de Charmes Houblon
44.6,"44.6 Forêts méditerranéennes de Peupliers, d'Ormes et de Frênes"
44.7,44.7
44.71,44.71
44.711,44.711
44.712,44.712
44.713,44.713
44.72,44.72
44.811,44.811 Galeries de Laurier rose
44.812,44.812 Fourrés de Gattiliers
44.8131,44.8131 Fourrés de Tamaris ouest méditerranéens
44.8132,44.8132
44.81321,44.81321
44.81322,44.81322
44.8133,44.8133
44.8134,44.8134
44.81341,44.81341
44.81342,44.81342
44.81343,44.81343
44.813,44.813 Fourrés de Tamaris
44.81,"44.81 Galeries de Laurier roses, de Gattiliers et de Tamaris"
44.82,44.82
44.83,44.83
44.84,44.84
44.8,44.8 Galeries et fourrés riverains méridionaux
44.9111,44.9111 Bois d'Aulnes marécageux atlantiques à grandes touffes de laîches
44.9112,44.9112 Bois d'Aulnes marécageux à laîche allongée
44.911,44.911 Bois d'Aulnes marécageux méso eutrophes
44.912,44.912 Bois d'Aulnes marécageux oligotrophes
44.913,44.913
44.91,44.91 Bois marécageux d'Aulnes
44.921,44.921 Saussaies marécageuses à Saule cendré
44.922,44.922 Saussaies à sphaigne
44.923,44.923 Saussaies marécageuses à Saule laurier
44.924,44.924 Saussaies naines marécageuses
44.92,44.92 Saussaies marécageuses
44.93,44.93 Bois marécageux de Bouleaux et de piment royal
44.9,"44.9 Bois marécageux d'Aulne, de Saule et de Myrte des marais"
44.A11,44.A11 Forêts de Bouleaux à Sphaignes et Linaigrettes{44.A11}
44.A12,44.A12 Bois de Bouleaux à Sphaignes et à Laîches{44.A12}
44.A13,44.A13 Bois de Bouleaux à Sphaignes méso acidiphiles{44.A13}
44.A1,44.A1 Bois de Bouleaux à Sphaignes{44.A1}
44.A2,44.A2 Bois tourbeux de Pins sylvestres{44.A2}
44.A3,44.A3 Bois tourbeux de Pins de montagne{44.A3}
44.A41,44.A41 Pessières à Sphaignes montagnardes{44.A41}
44.A42,44.A42 Tourbières boisées à Epicéas{44.A42}
44.A4,44.A4 Bois d'Epicéas à Sphaignes{44.A4}
44.A,44.A Forêts marécageuses de Bouleaux et de Conifères{44.A}
44,"44 Forêts riveraines, forêts et fourrés très humides"
45.11,45.11 Bois d'Oliviers sauvages (oléastres)
45.12,45.12 Bois de Caroubiers
45.13,45.13
45.1,45.1 Forêts d'Oliviers et de Caroubiers
45.211,45.211 Forêts provençales de Chênes lièges
45.212,45.212 Forêts corses de Chênes lièges
45.213,45.213
45.214,45.214
45.215,45.215
45.216,45.216 Suberaies catalano pyrénéennes
45.217,45.217
45.218,45.218
45.21,45.21 Forêts thyrrhéniennes de Chênes lièges
45.22,45.22
45.221,45.221
45.222,45.222
45.223,45.223
45.224,45.224
45.23,45.23
45.24,45.24 Forêts aquitaniennes de Chênes lièges
45.2,45.2 Forêts de Chênes lièges (suberaies)
45.311,45.311 Forêts de Chênes verts ibériques nord occidentales
45.312,45.312 Forêts de Chênes verts de la plaine catalo provençale
45.313,45.313 Forêts de Chênes vert des collines catalo provençales
45.314,45.314
45.315,45.315 Yeuseraies des plaines corses
45.316,45.316 Forêts de Chênes verts des collines corses
45.317,45.317
45.318,45.318
45.319,45.319 Forêts de Chênes verts Illyriennes
45.31A,45.31A{45.31A}
45.31B,45.31B{45.31B}
45.31C,45.31C{45.31C}
45.31D,45.31D{45.31D}
45.31,45.31 Forêts de Chêne verts
45.321,45.321 Forêts de Chênes verts supra méditerranéennes françaises
45.322,45.322 Forêts supra méditerranéennes corses de Chênes verts
45.323,45.323
45.324,45.324
45.32,45.32 Forêts de Chênes verts supra méditerranéennes
45.33,45.33 Forêts aquitaniennes de Chênes verts
45.34,45.34
45.341,45.341
45.3411,45.3411
45.3412,45.3412
45.3413,45.3413
45.3414,45.3414
45.342,45.342
45.3421,45.3421
45.3422,45.3422
45.3423,45.3423
45.3424,45.3424
45.343,45.343
45.3431,45.3431
45.3432,45.3432
45.3433,45.3433
45.344,45.344
45.3441,45.3441
45.3442,45.3442
45.345,45.345
45.346,45.346
45.3,45.3 Forêts de Chênes verts méso  et supra méditerranéennes
45.4,45.4
45.41,45.41
45.42,45.42
45.43,45.43
45.5,45.5 Forêts de Chênes et Lauriers
45.6,45.6
45.61,45.61
45.62,45.62
45.63,45.63
45.631,45.631
45.632,45.632
45.633,45.633
45.634,45.634
45.635,45.635
45.7,45.7
45.71,45.71
45.72,45.72
45.8,45.8 Bois de Houx
45.9,45.9
45.91,45.91
45.92,45.92
45.93,45.93
45,45 Forêts sempervirentes non résineuses
4,4 FORETS
51.1111,51.1111 Buttes de Sphagnum magellanicum
51.1112,51.1112 Buttes de Sphagnum fuscum
51.1113,51.1113 Couronnes de buttes à Sphagnum rubellum
51.1114,51.1114 Buttes de Sphagnum rubellum
51.1115,51.1115 Buttes de Sphagnum imbricatum
51.1116,51.1116 Buttes de Sphagnum papillosum
51.1117,51.1117 Buttes de Sphagnum capillifolium
51.111,51.111 Buttes de Sphaignes colorées (bulten)
51.112,51.112 Bases des buttes et pelouses de Sphaignes vertes
51.1131,51.1131 Buttes à buissons de Callune prostrée
51.1132,51.1132 Buttes à buissons de Bruyère tétragone
51.1133,51.1133 Buttes à buissons de Camarine
51.1134,51.1134 Buttes à buissons de Vaccinium
51.1135,51.1135
51.1136,51.1136 Buttes à buissons de Myrte des marais (ou piment royal)
51.113,51.113 Buttes à buissons nains
51.114,51.114 Communautés de tourbières bombées à Trichophorum cespitosum
51.115,51.115 Tourbières bombées à Erica et Sphagnum
51.11,"51.11 Buttes, bourrelets et pelouses tourbeuses"
51.121,"51.121 Chenaux, cuvettes profondes"
51.122,"51.122 Chenaux superficiels, cuvettes peu profondes"
51.12,51.12 Tourbières basses (Schlenken)
51.131,51.131 Dépressions tourbeuses (Kolk)
51.132,51.132 Autres mares de tourbières
51.13,51.13 Mares de tourbières
51.141,51.141 Tourbières à Narthecium
51.142,51.142 Rigoles à Myrte des marais
51.143,51.143 Autres communautés des rigoles et chenaux de tourbières
51.14,51.14 Suintements et rigoles de tourbières
51.15,51.15 Garnitures de bordure (lagg)
51.16,51.16 Pré bois tourbeux
51.1,51.1 Tourbières hautes à peu près naturelles
51.2,51.2 Tourbières à Molinie bleue
51,51 Tourbières hautes
52.1,52.1
52.11,52.11
52.12,52.12
52.13,52.13
52.14,52.14
52.15,52.15
52.16,52.16
52.2,52.2
52.21,52.21
52.22,52.22
52.23,52.23
52.24,52.24
52.25,52.25
52.26,52.26
52.27,52.27
52,52 Tourbières de couverture
53.111,53.111 Phragmitaies inondées
53.112,53.112 Phragmitaies sèches
53.113,53.113 Phagmitaies géantes
53.11,53.11 Phragmitaies
53.12,53.12 Scirpaies lacustres
53.13,53.13 Typhaies
53.141,53.141 Communautés de Sagittaires
53.142,53.142 Communautés à Rubanier négligé
53.143,53.143 Communautés à Rubanier rameux
53.144,53.144 Communautés avec Acore vrai
53.145,53.145 Communautés à Jonc fleuri
53.146,53.146 Communautés d'Oenanthe aquatica et de Rorippa amphibia
53.147,53.147 Communautés de Prêles d'eau
53.148,53.148 Communautés de Grande Berle
53.149,53.149 Végétation à Hippuris vulgaris
53.14A,53.14A Végétation à Eleocharis palustris{53.14A}
53.14,53.14 Roselières basses
53.15,53.15 Végétation à Glyceria maxima
53.16,53.16 Végétation à Phalaris arundinacea
53.17,53.17 Végétation à Scirpes halophiles
53.1,53.1 Roselières
53.211,53.211 Cariçaies à laîche distique
53.2121,53.2121 Cariçaies à laîche aiguë
53.2122,53.2122 Cariçaies à laîche des marais
53.2123,53.2123
53.2124,53.2124
53.2125,53.2125
53.2126,53.2126
53.212,53.212 Cariçaies à laîche aiguë et communautés s'y rapportant
53.213,53.213 Cariçaies à Carex riparia
53.2141,53.2141 Cariçaies à Carex rostrata
53.2142,53.2142 Cariçaies à Carex vesicaria
53.214,53.214 Cariçaies à Carex rostrata et à Carex vesicaria
53.2151,53.2151 Cariçaies à Carex elata
53.2152,53.2152 Cariçaies à Carex cespitosa
53.215,53.215 Cariçaies à Carex elata et de Carex cespitosa
53.216,53.216 Cariçaies à Carex paniculata
53.217,53.217 Cariçaies à Carex appropinquata
53.218,53.218 Cariçaies à Carex pseudocyperus
53.2191,53.2191 Cariçaies à Carex vulpina
53.2192,53.2192 Cariçaies à Carex cuprina
53.219,53.219 Cariçaies à Carex vulpina
53.21A,53.21A Végétation à Carex buxbaumii{53.21A}
53.21,53.21 Peuplements de grandes Laîches (Magnocariçaies)
53.22,53.22
53.221,53.221
53.222,53.222
53.23,53.23
53.2,53.2 Communautés à grandes Laîches
53.31,53.31 Cladiaies des bas marais
53.32,53.32
53.33,53.33 Cladiaies riveraines
53.3,53.3 Végétation à Cladium mariscus
53.4,53.4 Bordures à Calamagrostis des eaux courantes
53.5,53.5 Jonchaies hautes
53.61,53.61 Communautés avec les Cannes de Ravenne
53.62,53.62 Peuplements de Cannes de Provence
53.6,53.6 Formations riveraines de Cannes
53,53 Végétation de ceinture des bords des eaux
54.111,54.111 Sources d'eaux douces à Bryophytes
54.112,54.112 Sources à Cardamines
54.113,54.113
54.11,54.11 Sources d'eaux douces pauvres en bases
54.121,54.121 Cônes de tufs
54.122,54.122 Sources calcaires
54.12,54.12 Sources d'eaux dures
54.1,54.1 Sources
54.21,54.21 Bas marais à Schoenus nigricans (choin noir)
54.221,54.221 Bas marais péri alpins à Schoenus ferrugineus (choin ferrugineux)
54.222,54.222
54.223,54.223
54.22,54.22 Bas marais à Schoenus ferrugineus
54.231,54.231 Bas marais à Carex davalliana floristiquement riches
54.232,54.232 Bas marais à Carex davalliana et Trichophorum cespitosum
54.23,54.23 Tourbières basses à Carex davalliana
54.24,54.24 Bas marais alcalins pyrénéens
54.251,54.251
54.252,54.252
54.253,54.253 Bas marais à Carex flava médio européens
54.254,54.254
54.255,54.255
54.256,54.256
54.25,"54.25 Bas marais à Carex dioica, C. pulicaris, C. flava"
54.26,54.26 Bas marais à Carex nigra
54.27,54.27
54.28,54.28 Bas marais à Carex frigida
54.29,54.29
54.2A,54.2A Bas marais à Eleocharis quinqueflora{54.2A}
54.2B,54.2B{54.2B}
54.2,54.2 Bas marais alcalins (tourbières basses alcalines)
54.2C,54.2C Bas marais alcalins à Carex rostrata{54.2C}
54.2D,54.2D Tourbières basses alcalines à Scirpus hudsonianus{54.2D}
54.2E,54.2E Bas marais alcalins à Trichophorum cespitosum{54.2E}
54.2F,54.2F Bas marais médio européens à Blysmus compressus{54.2F}
54.2G,54.2G Bas marais alcalins à petites herbes{54.2G}
54.2H,54.2H Bas marais alcalins dunaires à Carex trinervis{54.2H}
54.2I,54.2I Bas marais à hautes herbes{54.2I}
54.31,54.31 Gazons riverains arctico alpins à élyne fausse Laîche
54.32,54.32 Gazons riverains arctico alpins à Carex maritima
54.33,54.33 Gazons riverains arctico alpins à Typha
54.34,54.34
54.3,54.3 Gazons riverains arctico alpins
54.41,54.41 Ceintures lacustres à Eriophorum scheuchzeri
54.421,54.421 Bas marais alpins à Carex fusca
54.4221,54.4221 Bas marais acides sub atlantiques à Carex
54.4222,54.4222 Bas marais acides subatlantiques à Carex et Juncus
54.4223,54.4223 Bas marais sub atlantiques à Carex et Sphagnum
54.4224,"54.4224 Bas marais sub atlantiques à Carex, Juncus et Sphagnum"
54.422,"54.422 Bas marais sub atlantiques à Carex nigra, C. canescens et C. echinata"
54.423,54.423
54.4231,54.4231
54.4232,54.4232
54.4233,54.4233
54.424,54.424 Bas marais acides pyrénéens à Laîche noire
54.425,54.425
54.42,"54.42 Tourbières basses à Carex nigra, C. canescens et C. echinata"
54.43,54.43
54.441,54.441
54.442,54.442 Pozzines complexes corses à Carex intricata
54.443,54.443
54.44,54.44 Pozzines complexes à Carex intricata
54.451,54.451 Bas marais acides alpiens à Trichophorum cespitosum
54.452,54.452 Bas marais acides pyrénéens à Trichophorum cespitosum
54.453,54.453
54.454,54.454 Bas marais acides sub atlantiques à Trichophorum cespitosum
54.455,54.455 Bas marais acides corses à Trichophorum cespitosum
54.45,54.45 Bas marais acides à Trichophorum cespitosum
54.46,54.46 Bas marais à Eriophorum angustifolium
54.47,54.47
54.4,54.4 Bas marais acides
54.511,54.511 Pelouses de Carex lasiocarpa et Mousses brunes
54.512,54.512 Pelouses à Carex lasiocarpa et Sphaignes
54.51,54.51 Pelouses à Carex lasiocarpa
54.52,54.52 Tourbières tremblantes à Carex diandra
54.531,54.531 Tourbières tremblantes acidiclines à Carex rostrata
54.5321,54.5321 Tourbières tremblantes basiclines à Carex rostrata et Sphaignes
54.5322,54.5322 Tourbières tremblantes basiclines à Carex rostrata et Mousses brunes
54.532,54.532 Tourbières tremblantes basiclines à Carex rostrata
54.53,54.53 Tourbières tremblantes à Carex rostrata
54.541,54.541 Pelouses à Carex limosa des bourbiers et Mousses brunes
54.542,54.542 Pelouses à Carex limosa et Sphaignes
54.54,54.54 Pelouses à Carex limosa
54.55,54.55 Pelouses à Carex chordorrhiza
54.56,54.56 Pelouses à Carex heleonastes
54.57,54.57 Tourbières tremblantes à Rhynchospora
54.58,54.58 Radeaux de Sphaignes et de Linaigrettes
54.59,54.59 Radeaux à Menyanthes trifoliata et Potentilla palustris
54.5A,54.5A Tourbières à Calla{54.5A}
54.5B,54.5B Tapis de Mousses brunes{54.5B}
54.5C,54.5C Tourbières tremblantes à Eriophorum vaginatum{54.5C}
54.5D,54.5D Tourbières tremblantes à Molinia caerulea{54.5D}
54.5E,54.5E Tourbières tremblantes à Calamagrostis stricta{54.5E}
54.5F,54.5F Tourbières tremblantes à Scirpus hudsonianus{54.5F}
54.5G,54.5G{54.5G}
54.5,54.5 Tourbières de transition
54.6,54.6 Communautés à Rhynchospora alba
54,"54 Bas marais, tourbières de transition et sources"
5,5 TOURBIERES ET MARAIS
61.1111,61.1111 Eboulis à Oxyria digyna des Alpes
61.1112,61.1112 Eboulis du sud ouest des Alpes à Oxyria digyna
61.1113,61.1113 Eboulis pyrénéens à Oxyria
61.111,61.111 Eboulis à Oxyria digyna
61.112,61.112 Eboulis à Androsace alpina
61.113,61.113 Eboulis à Luzule alpine
61.114,61.114 Eboulis siliceux et froids de blocailles
61.11,61.11 Eboulis siliceux alpins
61.12,61.12 Eboulis siliceux des montagnes nordiques
61.1,61.1 Eboulis siliceux alpins et nordiques
61.21,61.21 Eboulis alpiens sur calcschistes
61.22,61.22 Eboulis alpiens à Tabouret à feuilles rondes
61.231,61.231 Eboulis à Petasites
61.2321,61.2321 Eboulis à Liondent des montagnes des Alpes centrales
61.2322,61.2322 Eboulis à Berardia
61.232,61.232 Eboulis à Liondent des montagnes
61.23,61.23 Eboulis calcaires fins
61.2,61.2 Eboulis calcaires alpiens
61.311,61.311 Eboulis à Stipa calamagrostis
61.3121,61.3121 Eboulis à Galeopsis angustifolia
61.3122,61.3122 Eboulis à Rumex scutatus
61.3123,61.3123 Eboulis calcaires à Fougères
61.312,61.312 Eboulis calcaires sub montagnards
61.313,61.313 Eboulis à Leontodon hyoseroides
61.31,61.31 Eboulis thermophiles péri alpins
61.32,61.32 Eboulis provençaux
61.33,61.33 Eboulis pyrénéo alpiens siliceux thermophiles
61.341,61.341 Eboulis calcaires fins pyrénéens
61.342,61.342 Eboulis calcaires grossiers pyrénéens
61.343,61.343 Eboulis calcaires des Pyrénées de haute altitude
61.344,61.344 Eboulis calcaires humides pyrénéens
61.345,61.345 Eboulis calcaires subalpins pyrénéens
61.34,61.34 Eboulis calcaires pyrénéens
61.351,61.351
61.352,61.352
61.353,61.353
61.354,61.354
61.355,61.355
61.35,61.35 Eboulis calcaires oro cantabriques
61.36,61.36
61.37,61.37 Eboulis ibériques à fougères
61.38,61.38
61.39,61.39
61.391,61.391
61.392,61.392
61.3A,61.3A{61.3A}
61.3B,61.3B{61.3B}
61.3,61.3 Eboulis ouest méditerranéens et éboulis thermophiles
61.4,61.4
61.41,61.41
61.411,61.411
61.412,61.412
61.413,61.413
61.414,61.414
61.415,61.415
61.42,61.42
61.6,61.6
61,61 Eboulis
62.1111,62.1111 Falaises calcaires ibéro méditerranéennes
62.1112,62.1112
62.1113,62.1113
62.1114,62.1114
62.1115,62.1115 Falaises méditerranéennes à Fougères
62.111,62.111 Falaises calcaires eu méditerranéennes occidentales
62.112,62.112
62.1121,62.1121
62.1122,62.1122
62.1123,62.1123
62.11,62.11 Falaises calcaires eu méditerranéennes occidentales et oro ibériques
62.12,62.12 Falaises calcaires des Pyrénées centrales
62.13,62.13 Falaises calcaires des Alpes ligures et des Apennins
62.14,62.14
62.151,62.151 Falaises calcaires ensoleillées des Alpes
62.152,62.152 Falaises calcaires médio européennes à Fougères
62.15,62.15 Falaises calcaires alpiennes et sub méditerranéennes
62.16,62.16
62.17,62.17
62.171,62.171
62.172,62.172
62.173,62.173
62.174,62.174
62.175,62.175
62.18,62.18
62.19,62.19
62.191,62.191
62.192,62.192
62.1A,62.1A{62.1A}
62.1B,62.1B{62.1B}
62.1,62.1 Végétation des falaises continentales calcaires
62.211,62.211 Falaises siliceuses pyrénéo alpiennes
62.212,62.212 Falaises siliceuses hercyniennes
62.213,62.213 Falaises de serpentines hercyniennes
62.21,62.21 Falaises siliceuses des montagnes médio européennes
62.22,62.22
62.221,62.221
62.222,62.222
62.23,62.23 Falaises siliceuses des Alpes sud occidentales
62.24,62.24 Falaises des montagnes cyrno sardes
62.25,62.25
62.26,62.26 Falaises siliceuses catalano languedociennes
62.27,62.27
62.28,62.28 Falaises siliceuses provenço ibériques
62.29,62.29
62.2,62.2 Végétation des falaises continentales siliceuses
62.3,62.3 Dalles rocheuses
62.41,62.41 Falaises continentales calcaires nues
62.42,62.42 Falaises continentales siliceuses nues
62.4,62.4 Falaises continentales dénudées
62.51,62.51 Falaises continentales humides méditerranéennes
62.52,62.52 Falaises continentales humides septentrionales
62.5,62.5 Falaises continentales humides
62.6,62.6
62,62 Falaises continentales et rochers exposés
63.1,63.1 Névés
63.2,63.2 Glaciers rocheux
63.3,63.3 Glaciers
63,63 Neiges et glaces éternelles
64.11,64.11 Pelouses pionnières des dunes continentales
64.12,64.12 Pelouses siliceuses des dunes intérieures
64.131,64.131
64.132,64.132 Autres landes sur dunes continentales
64.13,64.13 Landes sur dunes continentales
64.141,64.141 Peuplements de Juniperus communis sur dunes continentales
64.142,64.142 Autres fourrés sur dunes continentales
64.14,64.14 Fourrés sur dunes continentales
64.15,64.15
64.16,64.16
64.1,64.1 Dunes fluvio glaciaires
64.2,64.2
64.3,64.3 Dunes paléo côtières
64.4,64.4 Dunes fluviatiles
64.5,64.5 Dunes d'origine lacustre
64.6111,64.6111 Végétation de cannes sur dunes du Rhône
64.6112,64.6112 Autres pelouses des dunes du Rhône
64.611,64.611 Prairies dunaires du Rhône
64.612,64.612 Fourrés dunaires du Rhône
64.613,64.613 Bois de Genévriers des dunes du Rhône
64.61,64.61 Dunes riveraines du Rhône
64.62,64.62
64.6,64.6 Dunes continentales méditerranéennes
64,64 Dunes sableuses continentales
65.1,65.1
65.2,65.2 Grottes de l'Italie septentrionale et du sud est de la France avec Hydromantes italicus
65.3,65.3
65.4,65.4 Autres grottes
65,65 Grottes
66.1,66.1
66.2,66.2
66.3,66.3
66.4,66.4
66.5,66.5
66.6,66.6
66.61,66.61
66.62,66.62
66.63,66.63
66.64,66.64
66,66 Communautés des sites volcaniques
6,"6 ROCHERS CONTINENTAUX, EBOULIS ET SABLES"
81.1,81.1 Prairies sèches améliorées
81.2,81.2 Prairies humides améliorées
81,81 Prairies améliorées
82.11,82.11 Grandes cultures
82.12,82.12 Cultures et maraichage
82.1,82.1 Champs d'un seul tenant intensément cultivés
82.2,82.2 Cultures avec marges de végétation spontanée
82.3,82.3 Culture extensive
82.41,82.41 Rizières
82.42,82.42 Cressonnières
82.4,82.4 Cultures inondées
82,82 Cultures
83.111,83.111 Oliveraies traditionnelles
83.112,83.112 Oliveraies intensives
83.11,83.11 Oliveraies
83.12,83.12 Châtaigneraies
83.13,83.13 Vergers à Noyers
83.14,83.14 Vergers à Amandiers
83.151,83.151 Vergers septentrionaux
83.152,83.152 Vergers méridionaux
83.15,83.15 Vergers
83.16,83.16 Vergers à agrumes
83.17,83.17
83.18,83.18 Autres vergers à hautes tiges
83.1,83.1 Vergers de hautes tiges
83.211,83.211 Vignobles traditionnels
83.212,83.212 Vignobles intensifs
83.21,83.21 Vignobles
83.22,83.22 Vergers de basses tiges
83.2,83.2 Vergers à arbustes
83.3111,"83.3111 Plantations de Sapins, d'Epicéas et de Mélèzes européens"
83.3112,83.3112 Plantations de Pins européens
83.3113,83.3113 Plantations de Cyprès et de Genévriers européens
83.311,83.311 Plantations de conifères indigènes
83.3121,"83.3121 Plantations d'Epicéas, de Sapins exotiques, de Sapin de Douglas et de Cèdres"
83.3122,83.3122 Plantations de Pins exotiques
83.3123,83.3123 Autres plantations de conifères exotiques
83.312,83.312 Plantations de conifères exotiques
83.31,83.31 Plantations de conifères
83.3211,83.3211 Plantations de Peupliers avec une strate herbacée élevée (Mégaphorbiaies)
83.3212,83.3212 Autres plantations de Peupliers
83.321,83.321 Plantations de Peupliers
83.322,83.322 Plantations d'Eucalyptus
83.323,83.323 Plantations de Chênes exotiques
83.324,83.324 Plantations de Robiniers
83.325,83.325 Autres plantations d'arbres feuillus
83.32,83.32 Plantations d'arbres feuillus
83.3,83.3 Plantations
83,"83 Vergers, bosquets et plantations d'arbres"
84.1,84.1 Alignements d'arbres
84.2,84.2 Bordures de haies
84.3,"84.3 Petits bois, bosquets"
84.4,84.4 Bocages
84.5,84.5
84.6,84.6
84,"84 Alignements d'arbres, haies, petits bois, bocage, parcs"
85.11,85.11 Parcelles boisées de parcs
85.12,85.12 Pelouses de parcs
85.13,85.13 Bassins de parcs
85.14,"85.14 Parterre de fleurs, avec arbres et avec bosquets en parc"
85.15,85.15 Communautés sub naturelles des parcs
85.1,85.1 Grands parcs
85.2,85.2 Petits parcs et squares citadins
85.31,85.31 Jardins ornementaux
85.32,85.32 Jardins potagers de subsistance
85.3,85.3 Jardins
85.4,85.4 Espaces internes au centre ville
85,85 Parcs urbains et grands jardins
86.1,86.1 Villes
86.2,86.2 Villages
86.3,86.3 Sites industriels en activité
86.411,"86.411 Carrières de sable, d'argile et de kaolin"
86.412,86.412 Carrières de graviers
86.413,86.413 Carrières de pierres
86.41,86.41 Carrières
86.42,86.42 Terrils crassiers et autres tas de détritus
86.43,"86.43 Voies de chemins de fer, gares de triage et autres espaces ouverts"
86.4,86.4 Sites industriels anciens
86.5,86.5 Serres et constructions agricoles
86.6,86.6 Sites archéologiques
86,"86 Villes, villages et sites industriels"
87.1,87.1 Terrains en friche
87.2,87.2 Zones rudérales
87,87 Terrains en friche et terrains vagues
88,88 Mines et passages souterrains
89.11,89.11 Ports maritimes
89.12,89.12 Salines
89.13,89.13 Autres lagunes industrielles et canaux salins
89.1,89.1 Lagunes industrielles et canaux salins
89.21,89.21 Canaux navigables
89.22,89.22 Fossés et petits canaux
89.23,89.23 Lagunes industrielles et bassins ornementaux
89.24,89.24 Bassins de décantation et stations d'épuration
89.2,89.2 Lagunes industrielles et canaux d'eau douce
89,"89 Lagunes et réservoirs industriels, canaux"
8,8 Terres agricoles et paysages artificiels
9,9 Mare
